!accession,phen_inh,phen_rif,phen_emb,phen_pza
ERR067576,1,1,1,0
ERR067577,1,1,0,0
ERR067578,1,1,0,1
ERR067580,1,0,0,0
ERR067581,1,1,1,1
ERR067582,1,0,1,0
ERR067583,1,1,1,0
ERR067584,1,1,1,0
ERR067585,1,0,0,0
ERR067586,1,0,1,1
ERR067587,1,1,0,0
ERR067588,1,1,0,0
ERR067589,1,0,0,0
ERR067590,1,1,1,1
ERR067591,1,1,1,0
ERR067592,1,1,0,1
ERR067595,1,0,0,0
ERR067596,1,0,0,0
ERR067599,1,1,1,0
ERR067600,1,0,0,0
ERR067601,1,0,0,0
ERR067602,1,0,0,1
ERR067603,1,1,1,1
ERR067604,1,0,0,1
ERR067606,1,0,0,0
ERR067608,1,1,0,0
ERR067609,1,1,0,0
ERR067610,1,0,0,0
ERR067612,1,0,0,1
ERR067613,1,1,0,0
ERR067614,1,0,0,0
ERR067615,1,1,0,1
ERR067616,1,0,0,0
ERR067617,1,0,0,0
ERR067618,1,1,0,1
ERR067619,1,1,1,0
ERR067620,1,1,1,0
ERR067622,1,1,1,0
ERR067624,1,1,0,0
ERR067625,1,1,1,0
ERR067627,1,1,0,1
ERR067630,1,1,1,0
ERR067631,1,1,0,0
ERR067635,1,1,0,0
ERR067636,1,0,0,1
ERR067637,1,0,0,0
ERR067640,1,0,0,0
ERR067641,1,1,0,1
ERR067643,1,1,1,0
ERR067644,1,1,1,1
ERR067645,1,1,0,0
ERR067647,1,1,0,0
ERR067649,1,1,0,0
ERR067650,1,1,0,0
ERR067651,1,1,1,0
ERR067653,1,1,1,0
ERR067655,1,1,0,0
ERR067656,1,1,0,0
ERR067657,1,1,0,0
ERR067658,1,0,0,0
ERR067659,1,1,0,0
ERR067661,1,0,0,0
ERR067663,1,1,1,0
ERR067664,1,0,0,0
ERR067665,1,1,1,1
ERR067666,1,0,0,0
ERR067667,1,1,1,0
ERR067668,1,1,1,1
ERR067670,1,0,0,0
ERR067671,1,1,1,0
ERR067672,1,1,0,0
ERR067673,1,1,0,0
ERR067674,1,1,1,0
ERR067675,1,0,0,0
ERR067676,1,0,0,0
ERR067678,1,1,0,0
ERR067679,1,1,0,0
ERR067680,1,0,0,0
ERR067682,1,0,0,0
ERR067683,1,0,0,0
ERR067684,1,0,0,0
ERR067685,1,1,0,0
ERR067686,1,0,0,0
ERR067687,1,1,1,1
ERR067688,1,0,0,0
ERR067689,1,0,0,0
ERR067690,1,0,0,1
ERR067691,1,1,0,0
ERR067692,1,1,1,0
ERR067693,1,0,0,0
ERR067694,1,1,0,0
ERR067695,1,1,0,0
ERR067696,1,1,0,0
ERR067703,1,0,0,0
ERR067704,1,1,1,0
ERR067706,1,0,0,0
ERR067707,1,1,1,0
ERR067708,1,0,0,0
ERR067709,1,1,1,1
ERR067711,1,1,1,0
ERR067713,1,0,0,0
ERR067714,1,1,1,1
ERR067715,1,1,1,0
ERR067716,1,0,0,0
ERR067717,1,1,1,0
ERR067718,1,1,1,0
ERR067719,1,0,1,0
ERR067721,1,1,1,0
ERR067722,1,1,1,0
ERR067723,1,1,0,0
ERR067725,1,0,0,0
ERR067726,1,0,0,0
ERR067727,1,0,0,0
ERR067728,1,1,0,0
ERR067729,1,0,0,0
ERR067730,1,0,0,0
ERR067731,1,0,0,0
ERR067733,1,1,0,0
ERR067734,1,0,0,0
ERR067736,1,0,0,0
ERR067737,1,0,0,0
ERR067740,1,0,0,0
ERR067742,1,1,0,0
ERR067743,1,0,0,0
ERR067744,1,1,0,0
ERR067745,1,0,0,0
ERR067748,1,1,0,0
ERR067750,1,1,1,1
ERR067751,1,0,0,1
ERR067753,1,0,0,0
ERR067754,1,1,0,0
ERR067757,1,0,0,0
ERR067758,1,1,1,0
ERR067759,1,0,0,0
ERR067761,1,1,0,0
ERR067762,1,1,0,0
ERR067763,1,0,0,0
ERR067765,1,1,0,0
ERR067766,1,0,0,0
ERR067767,1,0,0,0
ERR108420,1,1,1,0
ERR108421,1,1,1,1
ERR108423,1,0,0,1
ERR108425,1,1,0,0
ERR108426,1,1,1,0
ERR108427,1,0,0,0
ERR108428,1,1,1,0
ERR108429,1,0,0,0
ERR108432,1,0,0,0
ERR108433,1,0,0,0
ERR108434,1,0,0,0
ERR108436,1,1,1,0
ERR108437,1,0,0,0
ERR108439,1,1,1,0
ERR108440,1,0,0,0
ERR108441,1,0,0,0
ERR108442,1,0,0,0
ERR108443,1,1,1,1
ERR108444,1,0,0,0
ERR108445,1,0,0,1
ERR108446,1,0,0,0
ERR108447,1,0,0,0
ERR108448,1,0,0,0
ERR108450,1,1,1,1
ERR108451,1,0,0,0
ERR108452,1,0,0,0
ERR108453,1,1,1,1
ERR108456,1,0,0,0
ERR108458,1,1,0,0
ERR108459,1,0,0,0
ERR108460,1,0,0,0
ERR108461,1,0,0,0
ERR108462,1,1,1,1
ERR108463,1,0,0,0
ERR108467,1,1,1,0
ERR108468,1,0,0,0
ERR108469,1,1,1,0
ERR108470,1,0,0,0
ERR108472,1,0,0,0
ERR108473,1,1,0,0
ERR108475,1,1,1,0
ERR108478,1,0,0,0
ERR108479,1,0,0,0
ERR108480,1,1,1,1
ERR108481,1,0,0,0
ERR108482,1,1,0,0
ERR108483,1,0,0,0
ERR108485,1,1,0,0
ERR108486,1,0,0,0
ERR108487,1,0,0,0
ERR108489,1,1,0,0
ERR108490,1,0,0,0
ERR108492,1,0,0,0
ERR108493,1,1,1,0
ERR108494,1,1,1,1
ERR108495,1,1,1,0
ERR108496,1,0,0,0
ERR108497,1,0,0,0
ERR108498,1,1,1,1
ERR108499,1,1,0,0
ERR108500,1,1,0,0
ERR108501,1,0,0,0
ERR108502,1,1,0,0
ERR108503,1,1,1,0
ERR108504,1,0,1,0
ERR108505,1,0,0,0
ERR108506,1,0,0,1
ERR108507,1,1,1,0
ERR108508,1,0,0,0
ERR108509,1,0,0,0
ERR108511,1,1,0,0
ERR108513,1,0,0,0
ERR108514,1,1,1,0
ERR108515,1,1,0,0
ERR117449,1,0,0,0
ERR117450,1,0,0,0
ERR117451,1,0,0,0
ERR117452,1,1,0,0
ERR117453,1,1,0,0
ERR117455,1,0,0,0
ERR117457,1,0,0,0
ERR117458,1,0,0,0
ERR117460,1,1,1,0
ERR117462,1,1,0,0
ERR117463,1,1,0,0
ERR117465,1,1,0,0
ERR117466,1,0,0,0
ERR117467,1,0,0,0
ERR117468,1,1,0,0
ERR117469,1,0,0,0
ERR117470,1,1,1,0
ERR133799,1,0,0,0
ERR133800,1,1,0,0
ERR133802,1,0,0,0
ERR133803,1,1,0,0
ERR133804,1,0,0,0
ERR133806,1,1,0,0
ERR133807,1,0,0,0
ERR133808,1,0,0,0
ERR133809,1,0,0,0
ERR133810,1,0,0,0
ERR133811,1,0,0,0
ERR133812,1,0,0,0
ERR133814,1,0,0,0
ERR133818,1,0,0,0
ERR133819,1,0,0,0
ERR133820,1,0,0,0
ERR133823,1,1,1,0
ERR133826,1,1,1,0
ERR133827,1,1,1,1
ERR133829,1,0,0,0
ERR133830,1,0,0,0
ERR133831,1,1,1,0
ERR133832,1,0,0,1
ERR133833,1,0,0,0
ERR133834,1,1,0,0
ERR133835,1,0,0,1
ERR133836,1,1,0,0
ERR133837,1,1,0,0
ERR133838,1,0,0,0
ERR133839,1,1,1,0
ERR133840,1,0,0,0
ERR133841,1,0,0,0
ERR133844,1,1,1,0
ERR133846,1,0,0,0
ERR133847,1,0,0,0
ERR133850,1,0,0,0
ERR133851,1,0,0,0
ERR133852,1,1,0,0
ERR133854,1,1,1,0
ERR133855,1,1,0,0
ERR133856,1,0,0,0
ERR133857,1,0,0,0
ERR133858,1,1,1,0
ERR133859,1,0,0,0
ERR133860,1,1,0,0
ERR133862,1,0,0,0
ERR133863,1,0,0,0
ERR133864,1,0,0,0
ERR133865,1,0,0,0
ERR133866,1,1,0,0
ERR133868,1,1,0,0
ERR133870,1,0,0,0
ERR133871,1,0,0,0
ERR133872,1,0,0,0
ERR133874,1,0,0,0
ERR133875,1,0,1,0
ERR133876,1,0,0,0
ERR133878,1,1,1,1
ERR133879,1,1,1,1
ERR133881,1,1,0,0
ERR133882,1,1,0,0
ERR133883,1,0,0,0
ERR133885,1,1,1,0
ERR133886,1,1,0,0
ERR133888,1,1,1,0
ERR133889,1,1,1,0
ERR133890,1,1,0,0
ERR133891,1,0,0,0
ERR133893,1,0,0,0
ERR133895,1,1,0,0
ERR133896,1,1,0,0
ERR133897,1,0,0,0
ERR133898,1,0,0,0
ERR133899,1,1,1,0
ERR133900,1,1,1,1
ERR133901,1,1,1,0
ERR133902,1,1,0,0
ERR133903,1,1,1,1
ERR133904,1,0,0,0
ERR133905,1,1,0,0
ERR133906,1,1,1,1
ERR133907,1,1,1,0
ERR133908,1,1,1,1
ERR133911,1,0,0,0
ERR133912,1,0,0,0
ERR133913,1,0,0,0
ERR133914,1,1,1,1
ERR133917,1,1,0,0
ERR133919,1,1,1,0
ERR133920,1,0,0,0
ERR133922,1,1,0,0
ERR133924,1,0,0,0
ERR133925,1,0,0,0
ERR133926,1,0,0,0
ERR133929,1,0,0,0
ERR133930,1,1,0,0
ERR133934,1,0,0,0
ERR133935,1,1,1,0
ERR133937,1,1,0,0
ERR133939,1,0,0,0
ERR133941,1,0,0,0
ERR133942,1,1,1,1
ERR133944,1,1,0,0
ERR133945,1,0,0,1
ERR133946,1,1,0,0
ERR133947,1,1,0,0
ERR133948,1,0,0,0
ERR133949,1,0,0,0
ERR133950,1,0,0,0
ERR133951,1,1,1,1
ERR133952,1,0,0,0
ERR133953,1,1,1,0
ERR133954,1,1,1,1
ERR133955,1,0,0,0
ERR133958,1,0,0,0
ERR133959,1,1,0,0
ERR133961,1,0,0,0
ERR133963,1,0,0,0
ERR133964,1,0,0,0
ERR133965,1,0,0,0
ERR133966,1,1,0,0
ERR133967,1,0,0,0
ERR133968,1,0,0,0
ERR133969,1,0,0,0
ERR133970,1,0,0,1
ERR133971,1,0,0,0
ERR133973,1,0,0,0
ERR133974,1,0,0,0
ERR133975,1,0,0,0
ERR133977,1,0,0,0
ERR133978,1,0,0,0
ERR133979,1,0,0,0
ERR133980,1,0,0,0
ERR133981,1,1,1,0
ERR133982,1,1,0,0
ERR133983,1,0,0,0
ERR133984,1,1,1,1
ERR133985,1,0,0,0
ERR133987,1,0,0,0
ERR133988,1,0,0,0
ERR133989,1,0,0,0
ERR137191,1,0,0,0
ERR137192,1,1,1,1
ERR137193,1,0,0,0
ERR137195,1,0,0,0
ERR137197,1,0,1,0
ERR137198,1,0,0,0
ERR137199,1,0,0,0
ERR137200,1,0,0,0
ERR137201,1,0,0,0
ERR137204,1,1,1,1
ERR137205,1,0,1,0
ERR137206,1,1,0,0
ERR137207,1,0,1,0
ERR137208,1,1,1,1
ERR137210,1,1,0,0
ERR137212,1,0,0,0
ERR137213,1,0,0,0
ERR137214,1,0,0,0
ERR137215,1,1,0,0
ERR137216,1,0,0,1
ERR137218,1,1,1,0
ERR137220,1,1,1,0
ERR137221,1,0,0,0
ERR137222,1,1,0,0
ERR137223,1,1,1,0
ERR137224,1,0,0,0
ERR137227,1,0,0,0
ERR137228,1,0,0,0
ERR137229,1,1,1,1
ERR137230,1,1,1,0
ERR137231,1,1,1,1
ERR137232,1,0,0,0
ERR137233,1,0,1,0
ERR137235,1,0,0,0
ERR137238,1,0,0,0
ERR137239,1,0,0,0
ERR137240,1,0,1,0
ERR137241,1,0,0,0
ERR137242,1,0,0,0
ERR137243,1,1,1,1
ERR137245,1,0,0,0
ERR137246,1,1,1,1
ERR137247,1,1,1,1
ERR137249,1,0,0,0
ERR137251,1,0,0,0
ERR137252,1,0,0,0
ERR137253,1,0,0,0
ERR137254,1,1,1,0
ERR137256,1,0,0,0
ERR137257,1,1,0,0
ERR137258,1,0,0,0
ERR137260,1,1,0,0
ERR137261,1,0,0,0
ERR137262,1,1,1,0
ERR137264,1,1,0,0
ERR137266,1,0,0,0
ERR137267,1,0,0,0
ERR137268,1,0,0,0
ERR137269,1,1,0,0
ERR137270,1,0,0,0
ERR137271,1,1,1,1
ERR137273,1,1,0,0
ERR137274,1,1,0,0
ERR137275,1,1,1,1
ERR137277,1,1,1,0
ERR137278,1,0,0,0
ERR137279,1,0,0,0
ERR137280,1,0,0,0
ERR137281,1,1,0,0
ERR137282,1,1,0,0
ERR137283,1,1,0,0
ERR137284,1,1,1,1
ERR137285,1,0,0,0
ERR144543,1,1,0,0
ERR144544,1,0,0,0
ERR144545,1,0,0,1
ERR144546,1,1,0,0
ERR144547,1,0,0,0
ERR144548,1,1,0,0
ERR144549,1,1,0,0
ERR144551,1,1,1,0
ERR144552,1,0,0,0
ERR144555,1,0,0,0
ERR144556,1,1,0,0
ERR144557,1,0,0,0
ERR144558,1,0,0,0
ERR144559,1,0,0,0
ERR144560,1,1,1,1
ERR144561,1,1,0,0
ERR144562,1,1,0,0
ERR144563,1,1,1,0
ERR144564,1,0,0,0
ERR144565,1,0,1,0
ERR144566,1,1,1,0
ERR144567,1,1,1,1
ERR144569,1,0,0,0
ERR144570,1,1,0,0
ERR144571,1,1,1,1
ERR144573,1,1,1,0
ERR144574,1,1,1,0
ERR144575,1,1,0,0
ERR144576,1,0,0,0
ERR144577,1,0,0,0
ERR144578,1,0,0,0
ERR144579,1,1,1,0
ERR144580,1,0,0,0
ERR144582,1,0,0,0
ERR144585,1,0,0,0
ERR144588,1,0,0,0
ERR144590,1,1,0,0
ERR144592,1,0,0,0
ERR144593,1,1,0,0
ERR144594,1,0,0,0
ERR144595,1,1,1,1
ERR144597,1,1,0,0
ERR144598,1,0,0,0
ERR144599,1,0,0,0
ERR144600,1,1,1,0
ERR144602,1,0,0,0
ERR144603,1,0,0,0
ERR144604,1,0,0,0
ERR144605,1,0,0,0
ERR144607,1,1,1,1
ERR144609,1,0,0,0
ERR144610,1,0,0,0
ERR144611,1,1,0,0
ERR144613,1,0,0,0
ERR144614,1,0,0,0
ERR144616,1,0,0,0
ERR144618,1,0,0,0
ERR144619,1,1,1,0
ERR144620,1,1,1,1
ERR144621,1,0,0,1
ERR144622,1,1,1,1
ERR144623,1,1,0,0
ERR144624,1,1,1,0
ERR144625,1,1,0,0
ERR144626,1,0,0,0
ERR144627,1,0,1,0
ERR144628,1,1,1,0
ERR144629,1,0,0,0
ERR144630,1,0,0,0
ERR144631,1,1,1,0
ERR144632,1,1,1,0
ERR144633,1,1,1,0
ERR144634,1,1,1,0
ERR144635,1,1,1,1
ERR144636,1,1,1,1
ERR158569,1,1,0,0
ERR158570,1,1,0,0
ERR158571,1,0,0,0
ERR158572,1,0,1,0
ERR158575,1,0,0,0
ERR158576,1,1,1,0
ERR158577,1,0,0,0
ERR158581,1,1,1,0
ERR158582,1,0,0,0
ERR158585,1,1,1,0
ERR158587,1,1,1,1
ERR158588,1,1,1,1
ERR158589,1,0,1,0
ERR158590,1,1,1,0
ERR158591,1,0,0,1
ERR158592,1,1,0,0
ERR158595,1,1,0,0
ERR158596,1,1,0,0
ERR158598,1,1,0,0
ERR158611,1,1,1,0
ERR158613,1,1,1,0
ERR158616,1,1,1,1
ERR227975,1,1,0,0
ERR227976,1,1,0,0
ERR227977,1,1,1,0
ERR227979,1,0,0,0
ERR227980,1,0,1,0
ERR227982,1,1,1,0
ERR227983,1,1,1,0
ERR227984,1,0,0,0
ERR227985,1,1,1,1
ERR227987,1,1,0,0
ERR227988,1,0,0,0
ERR227990,1,0,0,0
ERR227991,1,0,0,0
ERR227992,1,0,0,0
ERR227996,1,1,1,0
ERR227997,1,0,0,0
ERR227998,1,0,0,0
ERR227999,1,0,0,0
ERR228000,1,0,0,0
ERR228002,1,0,0,0
ERR228003,1,1,0,0
ERR228004,1,0,0,0
ERR228005,1,0,0,0
ERR228007,1,0,0,0
ERR228008,1,0,0,0
ERR228009,1,1,0,0
ERR228010,1,0,0,0
ERR228011,1,0,0,0
ERR228012,1,1,1,0
ERR228013,1,1,1,0
ERR228014,1,0,0,0
ERR228015,1,0,0,0
ERR228017,1,1,0,0
ERR228018,1,0,0,0
ERR228019,1,1,0,0
ERR228021,1,0,0,1
ERR228023,1,0,0,0
ERR228024,1,1,1,1
ERR228025,1,1,0,0
ERR228026,1,0,0,0
ERR228027,1,0,0,0
ERR228029,1,1,0,0
ERR228031,1,0,0,0
ERR228032,1,1,0,0
ERR228033,1,0,0,0
ERR228034,1,0,0,0
ERR228035,1,0,0,0
ERR228036,1,1,1,1
ERR228037,1,1,0,0
ERR228039,1,1,1,1
ERR228040,1,0,0,0
ERR228044,1,0,0,0
ERR228045,1,0,0,0
ERR228046,1,1,0,0
ERR228047,1,0,0,0
ERR228048,1,0,0,0
ERR228049,1,1,1,1
ERR228053,1,0,0,0
ERR228055,1,1,0,0
ERR228056,1,1,1,1
ERR228057,1,0,0,0
ERR228058,1,0,0,0
ERR228059,1,1,1,0
ERR228060,1,0,0,0
ERR228061,1,1,1,0
ERR228062,1,1,1,1
ERR228063,1,0,0,0
ERR228064,1,1,0,0
ERR228065,1,0,0,0
ERR228067,1,0,0,0
ERR228068,1,0,0,0
ERR228069,1,0,0,0
ERR229915,1,1,1,0
ERR229917,1,0,0,0
ERR229918,1,1,1,0
ERR229919,1,0,0,0
ERR229920,1,0,0,1
ERR229921,1,1,1,0
ERR229922,1,1,1,0
ERR229923,1,1,1,0
ERR229924,1,1,1,0
ERR229925,1,0,0,0
ERR229926,1,1,1,0
ERR229928,1,0,0,1
ERR229929,1,1,1,1
ERR229931,1,1,1,1
ERR229932,1,1,1,0
ERR229934,1,0,0,0
ERR229935,1,0,0,0
ERR229936,1,1,1,1
ERR229937,1,0,0,0
ERR229938,1,0,0,1
ERR229939,1,0,0,0
ERR229940,1,1,0,0
ERR229941,1,0,0,0
ERR229942,1,0,0,0
ERR229943,1,0,0,0
ERR229944,1,0,0,0
ERR229945,1,0,0,0
ERR229946,1,1,1,0
ERR229947,1,1,0,0
ERR229948,1,0,0,0
ERR229949,1,1,1,1
ERR229950,1,0,0,0
ERR229953,1,1,0,0
ERR229954,1,0,0,0
ERR229955,1,1,1,0
ERR229956,1,0,0,0
ERR229957,1,0,0,0
ERR229958,1,0,0,0
ERR229959,1,0,0,1
ERR229960,1,1,0,0
ERR229962,1,1,1,0
ERR229964,1,0,0,0
ERR229965,1,1,1,0
ERR229966,1,1,1,0
ERR229967,1,0,0,0
ERR229968,1,1,1,0
ERR229970,1,0,0,0
ERR229971,1,1,1,1
ERR229972,1,0,0,0
ERR229973,1,0,0,0
ERR229975,1,0,0,0
ERR229976,1,1,1,0
ERR229977,1,0,0,0
ERR229978,1,1,1,0
ERR229979,1,0,0,0
ERR229981,1,0,0,0
ERR229982,1,1,1,1
ERR229983,1,0,0,0
ERR229984,1,1,1,0
ERR229985,1,0,0,0
ERR229986,1,0,0,0
ERR229987,1,0,0,0
ERR229988,1,1,0,0
ERR229989,1,0,0,0
ERR229990,1,1,1,0
ERR229991,1,0,0,0
ERR229993,1,1,1,1
ERR229994,1,1,0,0
ERR229995,1,1,0,0
ERR229997,1,1,0,0
ERR229998,1,1,1,0
ERR229999,1,0,1,0
ERR230001,1,0,0,0
ERR230002,1,0,0,0
ERR230003,1,1,0,0
ERR230004,1,0,0,0
ERR230005,1,1,1,1
ERR230006,1,1,1,0
ERR230007,1,1,1,0
ERR230008,1,1,0,0
ERR230010,1,0,0,0
ERR234556,1,1,1,0
ERR234557,1,1,1,0
ERR234558,1,0,0,1
ERR234559,1,0,0,0
ERR234560,1,1,1,0
ERR234561,1,0,0,1
ERR234562,1,1,1,0
ERR234564,1,0,0,0
ERR234565,1,1,0,0
ERR234569,1,0,0,0
ERR234570,1,1,0,0
ERR234573,1,1,0,0
ERR234574,1,1,0,0
ERR234575,1,0,0,1
ERR234576,1,1,1,0
ERR234577,1,0,0,0
ERR234578,1,0,0,0
ERR234580,1,0,0,0
ERR234581,1,0,0,0
ERR234582,1,0,0,0
ERR234584,1,1,1,1
ERR234585,1,0,0,0
ERR234586,1,0,0,0
ERR234589,1,1,1,0
ERR234590,1,1,1,0
ERR234593,1,1,0,0
ERR234594,1,1,0,0
ERR234596,1,1,1,0
ERR234597,1,1,0,0
ERR234598,1,1,1,0
ERR234599,1,0,0,0
ERR234600,1,1,1,1
ERR234603,1,0,0,0
ERR234608,1,1,0,0
ERR234609,1,1,1,0
ERR234610,1,1,0,0
ERR234616,1,1,0,0
ERR234617,1,0,0,0
ERR234618,1,1,1,0
ERR234619,1,0,0,0
ERR234622,1,1,1,1
ERR234623,1,1,0,0
ERR234624,1,0,0,0
ERR234627,1,1,0,0
ERR234630,1,1,1,1
ERR234631,1,1,0,0
ERR234633,1,1,1,0
ERR234634,1,0,1,0
ERR234637,1,1,1,1
ERR234638,1,0,0,0
ERR234639,1,1,1,1
ERR234640,1,0,0,0
ERR234641,1,1,0,0
ERR234642,1,0,0,0
ERR234645,1,1,1,0
ERR234646,1,1,0,0
ERR234647,1,0,0,0
ERR234648,1,1,0,0
ERR234652,1,0,0,0
ERR234653,1,1,0,0
ERR234654,1,1,1,0
ERR234655,1,0,0,0
ERR234657,1,1,1,1
ERR234658,1,1,1,1
ERR234660,1,1,1,0
ERR234661,1,1,1,1
ERR234662,1,0,1,0
ERR234663,1,0,0,0
ERR234666,1,1,0,0
ERR234667,1,0,0,0
ERR234668,1,1,1,1
ERR234672,1,1,1,1
ERR234674,1,0,0,0
ERR234683,1,0,0,0
ERR234684,1,0,0,0
ERR234685,1,0,0,0
ERR234686,1,0,0,0
ERR234687,1,0,0,0
ERR234689,1,0,0,0
ERR234690,1,0,0,0
ERR234691,1,0,0,0
ERR234692,1,1,0,0
ERR234693,1,0,0,0
ERR234694,1,0,0,0
ERR234695,1,0,0,0
ERR234696,1,0,0,1
ERR234697,1,0,0,0
ERR234698,1,1,0,0
ERR234699,1,0,0,1
ERR2509673,1,0,0,0
ERR2509674,1,0,0,0
ERR2509675,1,0,0,0
ERR2509676,1,0,0,0
ERR2509677,1,0,0,0
ERR2509678,1,0,0,0
ERR2509679,1,0,0,0
ERR2509680,1,0,0,0
ERR2509681,1,0,0,0
ERR2509682,1,0,0,0
ERR2509683,1,0,0,0
ERR2509684,1,0,0,0
ERR2509685,1,0,0,0
ERR2509686,1,0,0,0
ERR2509879,1,0,0,0
ERR2509880,1,0,0,0
ERR2509881,1,0,0,0
ERR2509882,1,0,0,0
ERR2509883,1,0,0,0
ERR2509885,1,0,0,0
ERR2509886,1,0,0,0
ERR2509887,1,0,0,0
ERR2509888,1,0,0,0
ERR2509889,1,0,0,0
ERR2509890,1,0,0,0
ERR2509891,1,0,0,0
ERR2509892,1,0,0,0
ERR2509893,1,0,0,0
ERR2509894,1,0,0,0
ERR2509895,1,0,0,0
ERR2509896,1,0,0,0
ERR2509897,1,1,1,0
ERR2510244,1,1,0,0
ERR2510245,1,1,1,0
ERR2510246,1,1,1,1
ERR2510248,1,0,0,0
ERR2510249,1,1,1,0
ERR2510250,1,1,0,0
ERR2510251,1,1,1,1
ERR2510252,1,1,1,1
ERR2510253,1,1,0,0
ERR2510254,1,1,1,1
ERR2510255,1,0,0,0
ERR2510256,1,1,1,0
ERR2510257,1,1,1,0
ERR2510258,1,0,0,0
ERR2510259,1,0,0,0
ERR2510260,1,1,1,0
ERR2510261,1,0,0,0
ERR2510262,1,0,0,0
ERR2510263,1,0,0,0
ERR2510265,1,1,1,0
ERR2510266,1,1,0,0
ERR2510267,1,0,0,0
ERR2510269,1,0,0,0
ERR2510271,1,1,1,1
ERR2510272,1,1,1,0
ERR2510273,1,0,0,0
ERR2510274,1,1,0,0
ERR2510275,1,0,0,0
ERR2510276,1,0,0,0
ERR2510277,1,0,0,0
ERR2510278,1,0,1,0
ERR2510279,1,1,1,1
ERR2510280,1,1,1,0
ERR2510281,1,0,0,0
ERR2510282,1,1,1,1
ERR2510284,1,1,1,1
ERR2510286,1,1,1,0
ERR2510287,1,0,0,0
ERR2510289,1,1,1,1
ERR2510290,1,1,0,0
ERR2510291,1,1,0,0
ERR2510292,1,1,1,1
ERR2510293,1,1,1,1
ERR2510296,1,1,0,0
ERR2510297,1,1,1,1
ERR2510298,1,1,0,0
ERR2510299,1,1,1,1
ERR2510300,1,1,1,1
ERR2510301,1,1,1,1
ERR2510302,1,1,0,0
ERR2510303,1,1,0,0
ERR2510304,1,1,1,0
ERR2510305,1,1,1,1
ERR2510306,1,1,1,0
ERR2510307,1,1,0,0
ERR2510308,1,0,0,0
ERR2510309,1,1,1,0
ERR2510310,1,1,1,0
ERR2510311,1,1,1,1
ERR2510312,1,1,1,1
ERR2510313,1,1,1,0
ERR2510315,1,1,1,0
ERR2510316,1,1,1,1
ERR2510317,1,1,1,1
ERR2510319,1,0,0,0
ERR2510320,1,0,0,0
ERR2510321,1,1,1,1
ERR2510322,1,0,0,0
ERR2510323,1,0,0,0
ERR2510324,1,1,1,1
ERR2510325,1,0,0,0
ERR2510326,1,1,1,0
ERR2510328,1,0,0,0
ERR2510329,1,1,1,1
ERR2510330,1,0,0,0
ERR2510332,1,0,0,0
ERR2510333,1,0,0,0
ERR2510334,1,0,0,0
ERR2510335,1,0,0,0
ERR2510336,1,1,1,1
ERR2510337,1,0,0,0
ERR2510338,1,1,1,1
ERR2510339,1,0,0,0
ERR2510341,1,1,1,1
ERR2510342,1,1,1,1
ERR2510343,1,1,0,0
ERR2510344,1,0,0,0
ERR2510346,1,0,0,0
ERR2510347,1,1,0,0
ERR2510348,1,0,0,0
ERR2510349,1,0,0,0
ERR2510350,1,1,1,1
ERR2510352,1,1,1,0
ERR2510353,1,1,0,0
ERR2510354,1,1,1,0
ERR2510355,1,1,1,0
ERR2510356,1,1,1,0
ERR2510357,1,1,1,0
ERR2510358,1,1,1,1
ERR2510359,1,0,0,0
ERR2510360,1,1,1,1
ERR2510361,1,1,1,1
ERR2510362,1,0,0,0
ERR2510363,1,1,1,0
ERR2510364,1,1,0,0
ERR2510365,1,1,1,0
ERR2510366,1,1,1,1
ERR2510367,1,0,0,0
ERR2510368,1,1,1,1
ERR2510369,1,1,1,0
ERR2510370,1,1,1,0
ERR2510371,1,0,0,0
ERR2510372,1,0,0,0
ERR2510373,1,1,1,0
ERR2510375,1,0,0,0
ERR2510376,1,1,1,0
ERR2510377,1,1,1,1
ERR2510378,1,1,1,0
ERR2510379,1,0,0,0
ERR2510380,1,0,0,0
ERR2510381,1,1,1,0
ERR2510382,1,0,0,0
ERR2510385,1,1,1,1
ERR2510386,1,1,0,0
ERR2510387,1,1,1,1
ERR2510388,1,1,1,1
ERR2510389,1,1,1,1
ERR2510390,1,1,1,0
ERR2510391,1,1,1,0
ERR2510392,1,1,1,1
ERR2510393,1,1,1,1
ERR2510394,1,1,1,0
ERR2510395,1,1,1,0
ERR2510396,1,1,0,0
ERR2510397,1,1,0,0
ERR2510398,1,1,1,1
ERR2510399,1,1,1,1
ERR2510400,1,1,1,1
ERR2510401,1,1,0,0
ERR2510402,1,1,1,0
ERR2510403,1,1,1,1
ERR2510404,1,1,1,0
ERR2510405,1,1,1,1
ERR2510406,1,1,0,0
ERR2510407,1,1,1,0
ERR2510408,1,1,1,1
ERR2510409,1,1,0,0
ERR2510410,1,1,1,0
ERR2510411,1,1,1,1
ERR2510412,1,1,0,0
ERR2510413,1,1,1,1
ERR2510415,1,1,1,0
ERR2510416,1,1,1,1
ERR2510417,1,1,0,0
ERR2510418,1,1,1,1
ERR2510419,1,1,1,1
ERR2510421,1,1,1,1
ERR2510422,1,1,1,0
ERR2510423,1,1,1,1
ERR2510424,1,1,1,0
ERR2510426,1,1,1,0
ERR2510427,1,1,1,1
ERR2510428,1,1,1,0
ERR2510429,1,1,1,1
ERR2510430,1,1,0,0
ERR2510431,1,1,0,0
ERR2510434,1,1,1,1
ERR2510435,1,1,0,0
ERR2510436,1,1,0,0
ERR2510437,1,1,1,0
ERR2510438,1,1,1,0
ERR2510439,1,1,0,0
ERR2510440,1,1,1,1
ERR2510441,1,1,1,1
ERR2510442,1,1,1,1
ERR2510443,1,1,1,0
ERR2510444,1,0,0,0
ERR2510445,1,1,1,0
ERR2510446,1,0,0,0
ERR2510447,1,0,0,0
ERR2510448,1,1,1,0
ERR2510450,1,1,1,0
ERR2510451,1,1,1,0
ERR2510452,1,1,0,0
ERR2510453,1,1,1,0
ERR2510455,1,1,1,0
ERR2510457,1,1,1,0
ERR2510458,1,1,1,1
ERR2510459,1,1,1,1
ERR2510461,1,1,1,1
ERR2510462,1,1,0,0
ERR2510463,1,1,0,0
ERR2510464,1,1,1,0
ERR2510465,1,1,1,0
ERR2510466,1,1,1,1
ERR2510467,1,1,1,0
ERR2510468,1,0,0,0
ERR2510469,1,1,0,0
ERR2510470,1,1,0,0
ERR2510472,1,1,1,0
ERR2510473,1,1,1,0
ERR2510474,1,1,1,0
ERR2510475,1,1,0,0
ERR2510476,1,1,1,1
ERR2510477,1,1,1,0
ERR2510478,1,1,1,1
ERR2510479,1,1,1,0
ERR2510480,1,1,1,1
ERR2510481,1,1,0,0
ERR2510482,1,1,1,1
ERR2510483,1,1,1,0
ERR2510484,1,1,1,0
ERR2510485,1,1,0,0
ERR2510486,1,1,1,0
ERR2510487,1,1,1,1
ERR2510488,1,1,1,0
ERR2510489,1,1,1,1
ERR2510490,1,1,1,0
ERR2510492,1,1,1,1
ERR2510493,1,1,1,1
ERR2510494,1,1,0,0
ERR2510495,1,1,0,0
ERR2510498,1,1,0,0
ERR2510499,1,1,1,0
ERR2510500,1,1,1,0
ERR2510501,1,1,0,0
ERR2510504,1,1,1,0
ERR2510505,1,1,1,1
ERR2510507,1,1,1,0
ERR2510508,1,1,1,0
ERR2510509,1,1,1,1
ERR2510510,1,1,1,1
ERR2510511,1,1,1,0
ERR2510513,1,1,1,1
ERR2510514,1,1,1,0
ERR2510515,1,1,1,0
ERR2510516,1,1,0,0
ERR2510517,1,1,1,1
ERR2510518,1,1,0,0
ERR2510519,1,1,1,1
ERR2510520,1,1,1,1
ERR2510522,1,1,1,1
ERR2510523,1,1,1,1
ERR2510524,1,1,1,1
ERR2510525,1,1,1,0
ERR2510526,1,1,1,0
ERR2510527,1,1,1,1
ERR2510528,1,1,0,0
ERR2510529,1,1,1,1
ERR2510530,1,1,1,0
ERR2510531,1,1,0,0
ERR2510532,1,1,1,0
ERR2510533,1,1,0,0
ERR2510534,1,1,1,0
ERR2510535,1,1,1,1
ERR2510536,1,1,1,0
ERR2510537,1,0,0,0
ERR2510538,1,1,1,1
ERR2510539,1,1,1,0
ERR2510540,1,1,1,0
ERR2510541,1,1,1,0
ERR2510542,1,1,1,0
ERR2510543,1,1,1,0
ERR2510544,1,1,1,0
ERR2510545,1,1,1,0
ERR2510547,1,1,1,0
ERR2510548,1,1,0,0
ERR2510549,1,1,1,0
ERR2510550,1,1,1,0
ERR2510551,1,1,1,1
ERR2510552,1,1,1,1
ERR2510553,1,1,1,1
ERR2510555,1,0,0,0
ERR2510556,1,1,0,0
ERR2510557,1,1,1,1
ERR2510558,1,1,1,1
ERR2510559,1,1,0,0
ERR2510560,1,1,1,1
ERR2510561,1,1,1,1
ERR2510562,1,1,0,0
ERR2510563,1,1,0,0
ERR2510564,1,1,1,0
ERR2510565,1,1,1,1
ERR2510566,1,0,0,0
ERR2510567,1,1,0,0
ERR2510568,1,1,1,0
ERR2510569,1,1,1,0
ERR2510571,1,1,0,0
ERR2510573,1,1,1,0
ERR2510574,1,1,1,0
ERR2510575,1,1,0,0
ERR2510576,1,1,1,1
ERR2510577,1,1,1,0
ERR2510578,1,1,0,0
ERR2510579,1,1,1,1
ERR2510580,1,1,1,1
ERR2510582,1,1,1,0
ERR2510583,1,1,1,0
ERR2510584,1,1,1,0
ERR2510585,1,1,0,0
ERR2510587,1,1,1,0
ERR2510588,1,1,1,1
ERR2510589,1,1,0,0
ERR2510590,1,1,0,0
ERR2510591,1,1,1,0
ERR2510592,1,1,0,0
ERR2510593,1,1,1,1
ERR2510594,1,1,0,0
ERR2510595,1,1,0,0
ERR2510596,1,0,0,0
ERR2510597,1,1,0,0
ERR2510598,1,1,1,0
ERR2510599,1,1,1,1
ERR2510600,1,1,1,1
ERR2510601,1,0,0,0
ERR2510602,1,0,0,0
ERR2510603,1,1,0,0
ERR2510604,1,1,1,1
ERR2510605,1,1,1,1
ERR2510606,1,1,1,1
ERR2510607,1,1,1,1
ERR2510608,1,1,1,0
ERR2510609,1,1,0,0
ERR2510610,1,1,1,1
ERR2510611,1,1,1,1
ERR2510612,1,1,0,0
ERR2510613,1,1,0,0
ERR2510615,1,1,1,0
ERR2510617,1,1,1,0
ERR2510618,1,1,1,0
ERR2510619,1,1,0,0
ERR2510620,1,1,1,0
ERR2510621,1,1,0,0
ERR2510622,1,1,1,0
ERR2510623,1,1,1,1
ERR2510624,1,1,1,1
ERR2510625,1,1,1,1
ERR2510626,1,1,0,0
ERR2510628,1,1,1,1
ERR2510629,1,1,0,0
ERR2510630,1,1,1,0
ERR2510631,1,1,1,0
ERR2510632,1,0,0,0
ERR2510633,1,1,1,0
ERR2510634,1,1,0,0
ERR2510635,1,1,0,0
ERR2510636,1,1,1,0
ERR2510638,1,1,1,0
ERR2510639,1,1,0,0
ERR2510641,1,1,1,1
ERR2510643,1,1,1,0
ERR2510644,1,1,1,1
ERR2510645,1,1,0,0
ERR2510646,1,1,1,0
ERR2510648,1,1,1,0
ERR2510649,1,1,1,1
ERR2510650,1,1,0,0
ERR2510651,1,1,0,0
ERR2510652,1,0,0,0
ERR2510654,1,1,1,1
ERR2510659,1,1,0,0
ERR2510660,1,1,1,1
ERR2510661,1,1,0,0
ERR2510662,1,1,0,0
ERR2510663,1,1,1,1
ERR2510664,1,1,0,0
ERR2510665,1,1,0,0
ERR2510666,1,1,1,1
ERR2510668,1,1,1,1
ERR2510669,1,1,1,1
ERR2510670,1,1,1,1
ERR2510671,1,1,1,1
ERR2510672,1,1,0,0
ERR2510673,1,1,1,1
ERR2510674,1,1,1,1
ERR2510675,1,1,0,0
ERR2510676,1,1,1,1
ERR2510677,1,1,0,0
ERR2510678,1,1,1,1
ERR2510679,1,1,0,0
ERR2510681,1,0,0,0
ERR2510682,1,1,1,1
ERR2510684,1,1,1,0
ERR2510685,1,1,1,1
ERR2510686,1,1,1,1
ERR2510687,1,1,0,0
ERR2510688,1,1,0,0
ERR2510689,1,1,1,1
ERR2510690,1,1,1,1
ERR2510691,1,1,0,0
ERR2510692,1,1,1,1
ERR2510693,1,1,1,0
ERR2510694,1,1,1,0
ERR2510695,1,1,1,1
ERR2510697,1,1,0,0
ERR2510698,1,1,1,1
ERR2510702,1,1,1,1
ERR2510703,1,1,1,1
ERR2510704,1,1,1,1
ERR2510705,1,1,1,0
ERR2510707,1,1,1,1
ERR2510709,1,1,1,1
ERR2510710,1,1,1,1
ERR2510711,1,1,1,1
ERR2510713,1,1,1,1
ERR2510714,1,1,1,1
ERR2510715,1,1,1,1
ERR2510716,1,1,1,1
ERR2510717,1,1,1,1
ERR2510718,1,1,0,0
ERR2510719,1,1,1,1
ERR2510721,1,0,1,0
ERR2510723,1,1,1,1
ERR2510725,1,1,1,0
ERR2510726,1,1,1,1
ERR2510728,1,1,0,0
ERR2510729,1,1,1,1
ERR2510730,1,1,1,1
ERR2510731,1,1,0,0
ERR2510732,1,1,0,0
ERR2510733,1,1,1,1
ERR2510734,1,1,1,1
ERR2510735,1,1,1,1
ERR2510736,1,0,0,0
ERR2510737,1,0,0,0
ERR2510738,1,0,0,0
ERR2510739,1,0,0,0
ERR2510740,1,0,0,0
ERR2510741,1,0,0,0
ERR2510742,1,0,0,1
ERR2510743,1,0,0,0
ERR2510744,1,0,0,0
ERR2510745,1,0,0,0
ERR2510746,1,0,0,0
ERR2510747,1,0,0,0
ERR2510748,1,0,0,0
ERR2510749,1,0,0,0
ERR2510750,1,0,0,0
ERR2510751,1,0,0,0
ERR2510752,1,0,0,0
ERR2510753,1,0,0,0
ERR2510754,1,0,0,0
ERR2510755,1,0,0,0
ERR2510756,1,0,0,0
ERR2510757,1,0,0,0
ERR2510758,1,0,0,0
ERR2510759,1,0,0,0
ERR2510760,1,0,0,0
ERR2510761,1,0,0,0
ERR2510763,1,0,0,0
ERR2510764,1,1,1,1
ERR2510765,1,1,1,1
ERR2510766,1,0,0,0
ERR2510767,1,0,0,0
ERR2510768,1,0,0,0
ERR2510769,1,0,0,0
ERR2510770,1,0,0,0
ERR2510771,1,0,0,0
ERR2510772,1,0,0,0
ERR2510773,1,0,0,0
ERR2510774,1,0,0,0
ERR2510775,1,0,0,0
ERR2510776,1,0,0,0
ERR2510777,1,0,0,0
ERR2510778,1,0,0,0
ERR2510779,1,0,0,0
ERR2510780,1,0,0,0
ERR2510781,1,0,0,0
ERR2510782,1,0,0,0
ERR2510783,1,0,0,0
ERR2510784,1,0,0,0
ERR2510785,1,0,0,0
ERR2510786,1,0,0,0
ERR2510787,1,0,0,0
ERR2510788,1,0,0,0
ERR2510789,1,0,0,0
ERR2510790,1,0,0,0
ERR2510791,1,0,0,0
ERR2510792,1,0,0,0
ERR2510793,1,1,1,0
ERR2510794,1,0,0,0
ERR2510795,1,0,0,0
ERR2510796,1,0,0,0
ERR2510797,1,0,0,0
ERR2510798,1,1,1,1
ERR2510799,1,0,0,0
ERR2510800,1,0,0,0
ERR2510801,1,0,0,0
ERR2510802,1,0,0,0
ERR2510803,1,0,0,0
ERR2510804,1,0,0,0
ERR2510805,1,0,0,0
ERR2510806,1,0,0,0
ERR2510807,1,0,0,0
ERR2510808,1,0,0,0
ERR2510809,1,0,0,0
ERR2510810,1,0,0,0
ERR2510811,1,0,0,0
ERR2510812,1,0,0,0
ERR2510813,1,0,0,0
ERR2510814,1,0,0,0
ERR2510815,1,0,0,0
ERR2510816,1,0,0,0
ERR2510817,1,0,0,0
ERR2510818,1,0,0,0
ERR2510819,1,0,0,0
ERR2510820,1,0,0,0
ERR2510821,1,0,0,0
ERR2510822,1,0,0,0
ERR2510823,1,1,0,0
ERR2510825,1,0,0,0
ERR2510828,1,0,0,0
ERR2510829,1,0,0,0
ERR2510830,1,0,0,0
ERR2510831,1,0,0,0
ERR2510832,1,1,1,1
ERR2510833,1,1,1,0
ERR2510834,1,1,1,0
ERR2510835,1,0,0,0
ERR2510836,1,0,0,0
ERR2510837,1,0,0,0
ERR2510839,1,1,1,0
ERR2510840,1,1,1,0
ERR2510842,1,1,1,0
ERR2510843,1,1,1,0
ERR2510844,1,1,1,1
ERR2510845,1,1,1,1
ERR2510846,1,1,1,1
ERR2510847,1,1,0,0
ERR2510848,1,1,1,1
ERR2510849,1,1,1,0
ERR2510850,1,1,1,1
ERR2510851,1,1,1,1
ERR2510852,1,1,1,1
ERR2510853,1,1,1,1
ERR2510854,1,1,0,0
ERR2510856,1,1,1,0
ERR2510857,1,1,1,0
ERR2510858,1,1,0,0
ERR2510859,1,1,1,0
ERR2510860,1,1,1,0
ERR2510861,1,1,1,0
ERR2510862,1,1,1,1
ERR2510863,1,1,1,1
ERR2510864,1,1,1,1
ERR2510866,1,1,0,0
ERR2510867,1,1,1,1
ERR2510868,1,1,0,0
ERR2510870,1,1,1,1
ERR2510871,1,1,1,1
ERR2510872,1,1,1,1
ERR2510873,1,1,1,1
ERR2510878,1,1,1,1
ERR2510879,1,1,1,1
ERR2510881,1,1,1,0
ERR2510882,1,1,1,1
ERR2512385,1,0,0,0
ERR2512386,1,1,0,0
ERR2512387,1,0,0,0
ERR2512388,1,0,0,0
ERR2512389,1,0,0,0
ERR2512390,1,0,0,0
ERR2512391,1,0,0,0
ERR2512392,1,0,0,0
ERR2512393,1,0,0,0
ERR2512394,1,0,0,0
ERR2512395,1,0,0,0
ERR2512396,1,0,0,0
ERR2512397,1,0,0,0
ERR2512398,1,0,0,0
ERR2512399,1,0,0,0
ERR2512400,1,0,0,0
ERR2512401,1,0,0,0
ERR2512402,1,0,0,0
ERR2512403,1,0,0,0
ERR2512404,1,0,0,0
ERR2512405,1,0,0,0
ERR2512406,1,0,0,0
ERR2512407,1,0,0,0
ERR2512408,1,0,0,0
ERR2512409,1,0,0,0
ERR2512410,1,0,0,0
ERR2512411,1,0,0,0
ERR2512412,1,0,0,0
ERR2512413,1,0,0,0
ERR2512414,1,0,0,0
ERR2512415,1,0,0,0
ERR2512416,1,0,0,0
ERR2512417,1,0,0,0
ERR2512418,1,0,0,0
ERR2512419,1,1,1,1
ERR2512420,1,0,0,0
ERR2512421,1,0,0,0
ERR2512423,1,0,0,0
ERR2512424,1,0,0,0
ERR2512425,1,0,0,0
ERR2512426,1,0,0,0
ERR2512427,1,0,0,0
ERR2512428,1,0,0,0
ERR2512429,1,0,0,0
ERR2512430,1,0,0,0
ERR2512431,1,0,0,0
ERR2512432,1,0,0,0
ERR2512433,1,0,0,0
ERR2512434,1,0,0,0
ERR2512435,1,0,0,0
ERR2512436,1,0,0,0
ERR2512437,1,0,0,0
ERR2512438,1,0,0,0
ERR2512439,1,0,0,0
ERR2512441,1,0,0,0
ERR2512442,1,0,0,0
ERR2512443,1,0,0,0
ERR2512444,1,0,0,0
ERR2512445,1,0,0,0
ERR2512446,1,0,0,0
ERR2512447,1,0,0,0
ERR2512448,1,0,0,0
ERR2512449,1,0,0,0
ERR2512450,1,0,0,0
ERR2512451,1,0,0,0
ERR2512452,1,0,0,0
ERR2512453,1,0,0,0
ERR2512454,1,0,0,0
ERR2512455,1,0,0,0
ERR2512456,1,1,0,0
ERR2512457,1,0,0,0
ERR2512458,1,0,0,0
ERR2512459,1,0,0,0
ERR2512461,1,0,0,0
ERR2512462,1,0,0,0
ERR2512463,1,0,0,0
ERR2512464,1,0,0,0
ERR2512465,1,0,0,0
ERR2512466,1,0,0,0
ERR2512469,1,0,0,0
ERR2512470,1,0,0,0
ERR2512471,1,0,0,0
ERR2512472,1,0,0,0
ERR2512473,1,0,0,0
ERR2512474,1,0,0,0
ERR2512475,1,0,0,0
ERR2512476,1,0,0,0
ERR2512477,1,0,0,0
ERR2512478,1,0,0,0
ERR2512479,1,0,0,0
ERR2512480,1,0,0,0
ERR2512481,1,0,0,0
ERR2512482,1,0,0,0
ERR2512483,1,0,0,0
ERR2512484,1,0,0,0
ERR2512485,1,0,0,0
ERR2512486,1,0,0,0
ERR2512487,1,0,0,0
ERR2512488,1,0,0,0
ERR2512489,1,0,0,0
ERR2512490,1,0,0,0
ERR2512491,1,0,0,0
ERR2512492,1,0,0,0
ERR2512493,1,0,0,0
ERR2512494,1,0,0,0
ERR2512495,1,0,0,1
ERR2512496,1,0,0,0
ERR2512497,1,0,0,0
ERR2512498,1,0,0,0
ERR2512499,1,0,0,0
ERR2512501,1,0,0,0
ERR2512502,1,0,0,0
ERR2512503,1,0,0,0
ERR2512504,1,0,0,0
ERR2512505,1,0,0,0
ERR2512506,1,0,0,0
ERR2512507,1,0,0,0
ERR2512508,1,0,0,0
ERR2512509,1,0,0,0
ERR2512510,1,0,0,0
ERR2512511,1,0,0,0
ERR2512512,1,0,0,0
ERR2512513,1,0,0,0
ERR2512515,1,0,0,0
ERR2512516,1,0,0,0
ERR2512517,1,0,0,0
ERR2512518,1,0,0,0
ERR2512519,1,0,0,0
ERR2512520,1,0,0,0
ERR2512521,1,0,0,0
ERR2512522,1,0,0,0
ERR2512523,1,0,0,0
ERR2512524,1,0,0,0
ERR2512526,1,0,0,0
ERR2512527,1,0,0,0
ERR2512528,1,0,0,0
ERR2512529,1,0,0,0
ERR2512530,1,0,0,0
ERR2512531,1,0,0,0
ERR2512532,1,0,0,0
ERR2512533,1,0,0,0
ERR2512534,1,0,0,0
ERR2512535,1,0,0,0
ERR2512536,1,0,0,0
ERR2512537,1,0,0,0
ERR2512538,1,0,0,0
ERR2512539,1,0,0,0
ERR2512540,1,0,0,0
ERR2512541,1,0,0,0
ERR2512542,1,0,0,0
ERR2512543,1,0,0,0
ERR2512544,1,0,0,0
ERR2512545,1,0,0,0
ERR2512546,1,0,0,0
ERR2512547,1,0,0,0
ERR2512548,1,0,0,0
ERR2512549,1,0,0,1
ERR2512550,1,0,0,0
ERR2512551,1,0,0,0
ERR2512552,1,0,0,0
ERR2512553,1,0,0,0
ERR2512554,1,0,0,0
ERR2512555,1,0,0,0
ERR2512556,1,0,0,0
ERR2512557,1,0,0,0
ERR2512558,1,0,0,0
ERR2512559,1,0,0,0
ERR2512560,1,0,0,0
ERR2512561,1,0,0,0
ERR2512562,1,0,0,0
ERR2512563,1,0,0,0
ERR2512564,1,0,0,0
ERR2512565,1,0,0,0
ERR2512566,1,0,0,0
ERR2512567,1,0,0,0
ERR2512568,1,0,0,0
ERR2512569,1,0,0,0
ERR2512570,1,0,0,1
ERR2512571,1,0,0,0
ERR2512572,1,0,0,0
ERR2512573,1,0,0,0
ERR2512574,1,0,0,0
ERR2512575,1,0,0,0
ERR2512576,1,0,0,0
ERR2512577,1,0,0,0
ERR2512578,1,0,0,0
ERR2512579,1,0,0,0
ERR2512580,1,0,0,0
ERR2512581,1,0,0,0
ERR2512582,1,0,0,0
ERR2512583,1,0,0,0
ERR2512584,1,0,0,0
ERR2512585,1,0,0,0
ERR2512586,1,0,0,0
ERR2512587,1,0,0,0
ERR2512588,1,0,0,0
ERR2512589,1,0,0,0
ERR2512590,1,0,0,0
ERR2512591,1,1,1,1
ERR2512592,1,0,0,0
ERR2512593,1,0,0,0
ERR2512594,1,0,0,0
ERR2512595,1,0,0,0
ERR2512597,1,0,0,0
ERR2512598,1,0,0,0
ERR2512599,1,0,0,0
ERR2512600,1,0,0,0
ERR2512602,1,0,0,0
ERR2512603,1,0,0,0
ERR2512604,1,0,0,0
ERR2512605,1,0,0,0
ERR2512606,1,0,0,0
ERR2512607,1,0,0,0
ERR2512608,1,0,0,0
ERR2512609,1,0,0,0
ERR2512610,1,0,0,0
ERR2512611,1,0,0,0
ERR2512612,1,0,0,0
ERR2512613,1,0,0,0
ERR2512614,1,0,0,0
ERR2512615,1,0,0,0
ERR2512616,1,0,0,0
ERR2512617,1,0,0,0
ERR2512618,1,0,0,0
ERR2512619,1,0,0,0
ERR2512620,1,0,0,0
ERR2512621,1,0,0,0
ERR2512622,1,0,0,0
ERR2512623,1,0,0,0
ERR2512624,1,0,0,0
ERR2512625,1,0,0,0
ERR2512627,1,0,0,0
ERR2512628,1,0,0,0
ERR2512630,1,0,0,0
ERR2512631,1,0,0,0
ERR2512632,1,0,0,0
ERR2512633,1,0,0,0
ERR2512634,1,0,0,0
ERR2512635,1,0,0,0
ERR2512636,1,0,0,0
ERR2512637,1,0,0,0
ERR2512638,1,0,0,0
ERR2512639,1,0,0,0
ERR2512640,1,0,0,0
ERR2512641,1,0,0,0
ERR2512643,1,0,0,0
ERR2512644,1,0,0,0
ERR2512645,1,0,0,0
ERR2512646,1,0,0,0
ERR2512647,1,0,0,1
ERR2512648,1,0,0,0
ERR2512649,1,0,0,0
ERR2512650,1,0,0,0
ERR2512651,1,0,0,0
ERR2512652,1,0,0,0
ERR2512653,1,0,0,0
ERR2512654,1,0,0,0
ERR2512655,1,0,0,0
ERR2512656,1,0,0,0
ERR2512657,1,0,0,0
ERR2512658,1,0,0,0
ERR2512659,1,0,0,0
ERR2512660,1,0,0,0
ERR2512661,1,0,0,0
ERR2512662,1,0,0,0
ERR2512663,1,0,0,0
ERR2512665,1,0,0,0
ERR2512666,1,0,0,0
ERR2512667,1,0,0,0
ERR2512668,1,0,0,0
ERR2512669,1,0,0,0
ERR2512670,1,0,0,0
ERR2512671,1,0,0,0
ERR2512672,1,0,0,0
ERR2512673,1,0,0,0
ERR2512674,1,0,0,0
ERR2512675,1,0,0,1
ERR2512676,1,0,0,1
ERR2512677,1,0,0,0
ERR2512678,1,0,0,0
ERR2512679,1,0,0,0
ERR2512680,1,0,0,0
ERR2512681,1,0,0,0
ERR2512682,1,0,0,0
ERR2512683,1,0,0,0
ERR2512685,1,0,0,0
ERR2512686,1,0,0,0
ERR2512687,1,0,0,0
ERR2512688,1,0,0,0
ERR2512689,1,0,0,0
ERR2512690,1,0,0,0
ERR2512692,1,0,0,0
ERR2512693,1,0,0,0
ERR2512694,1,0,0,0
ERR2512695,1,0,0,0
ERR2512696,1,0,0,0
ERR2512697,1,0,0,0
ERR2512698,1,0,0,0
ERR2512699,1,0,0,0
ERR2512700,1,1,1,1
ERR2512701,1,0,0,0
ERR2512702,1,0,0,0
ERR2512703,1,0,0,0
ERR2512704,1,0,0,0
ERR2512705,1,0,0,0
ERR2512706,1,0,0,0
ERR2512707,1,0,0,0
ERR2512708,1,0,0,0
ERR2512709,1,0,0,0
ERR2512710,1,0,0,0
ERR2512711,1,0,0,0
ERR2512712,1,0,0,0
ERR2512713,1,0,0,0
ERR2512714,1,0,0,0
ERR2512715,1,0,0,0
ERR2512717,1,0,0,0
ERR2512719,1,0,0,0
ERR2512720,1,0,0,0
ERR2512721,1,0,0,0
ERR2512722,1,0,0,0
ERR2512723,1,0,0,0
ERR2512724,1,0,0,0
ERR2512726,1,0,0,0
ERR2512727,1,0,0,0
ERR2512728,1,0,0,0
ERR2512729,1,0,0,0
ERR2512730,1,1,1,1
ERR2512731,1,0,0,0
ERR2512732,1,0,0,1
ERR2512733,1,0,0,0
ERR2512734,1,0,0,0
ERR2512735,1,0,0,0
ERR2512736,1,0,0,0
ERR2512737,1,0,0,0
ERR2512738,1,0,0,0
ERR2512739,1,0,0,0
ERR2512740,1,0,0,0
ERR2512741,1,0,0,0
ERR2512742,1,0,0,0
ERR2512743,1,0,0,0
ERR2512744,1,0,0,0
ERR2512745,1,0,0,0
ERR2512746,1,0,0,1
ERR2512747,1,0,0,0
ERR2512748,1,0,0,0
ERR2512749,1,0,0,0
ERR2512751,1,0,0,0
ERR2512752,1,0,0,0
ERR2512753,1,0,0,0
ERR2512754,1,0,0,0
ERR2512755,1,0,0,1
ERR2512756,1,0,0,0
ERR2512757,1,0,0,0
ERR2512758,1,0,0,0
ERR2512759,1,0,0,0
ERR2512760,1,0,0,0
ERR2512761,1,0,0,0
ERR2512762,1,0,0,0
ERR2512763,1,0,0,0
ERR2512764,1,0,0,0
ERR2512765,1,0,0,0
ERR2512766,1,0,0,0
ERR2512768,1,0,0,0
ERR2512770,1,0,0,0
ERR2512771,1,0,0,0
ERR2512772,1,0,0,0
ERR2512773,1,0,0,0
ERR2512774,1,0,0,0
ERR2512775,1,0,0,0
ERR2512776,1,0,0,0
ERR2512777,1,0,0,0
ERR2512778,1,0,0,0
ERR2512779,1,0,0,0
ERR2512780,1,0,0,0
ERR2512782,1,0,0,0
ERR2512783,1,0,0,0
ERR2512784,1,0,0,0
ERR2512785,1,0,0,0
ERR2512786,1,0,0,0
ERR2512787,1,0,0,0
ERR2512788,1,0,0,0
ERR2512789,1,0,0,0
ERR2512790,1,0,0,0
ERR2512791,1,0,0,0
ERR2512792,1,0,0,0
ERR2512793,1,0,0,0
ERR2512794,1,0,0,0
ERR2512795,1,0,0,0
ERR2512796,1,0,0,0
ERR2512798,1,0,0,0
ERR2512799,1,0,0,0
ERR2512800,1,0,0,0
ERR2512801,1,0,0,0
ERR2512802,1,0,0,0
ERR2512803,1,0,0,0
ERR2512804,1,0,0,0
ERR2512805,1,0,0,0
ERR2512806,1,0,0,0
ERR2512807,1,0,0,0
ERR2512809,1,0,0,0
ERR2512810,1,0,0,0
ERR2512811,1,0,0,0
ERR2512812,1,0,0,0
ERR2512813,1,0,0,0
ERR2512814,1,0,0,0
ERR2512815,1,0,0,0
ERR2512816,1,0,0,0
ERR2512817,1,0,0,0
ERR2512818,1,0,0,0
ERR2512819,1,0,0,0
ERR2512820,1,0,0,0
ERR2512821,1,0,0,0
ERR2512822,1,0,0,0
ERR2512823,1,0,0,0
ERR2512824,1,0,0,0
ERR2512825,1,0,0,0
ERR2512827,1,0,0,0
ERR2512828,1,0,0,0
ERR2512829,1,0,0,0
ERR2512830,1,0,0,0
ERR2512831,1,0,0,0
ERR2512832,1,0,0,0
ERR2512833,1,0,0,0
ERR2512834,1,0,0,0
ERR2512835,1,0,0,0
ERR2512836,1,0,0,0
ERR2512837,1,0,0,0
ERR2512838,1,0,0,1
ERR2512839,1,0,0,1
ERR2512840,1,0,0,0
ERR2512842,1,0,0,0
ERR2512843,1,0,0,0
ERR2512844,1,0,0,0
ERR2512845,1,0,0,0
ERR2512846,1,0,0,0
ERR2512847,1,0,0,0
ERR2512848,1,0,0,0
ERR2512849,1,0,0,0
ERR2512850,1,0,0,0
ERR2512852,1,0,0,0
ERR2512853,1,0,0,0
ERR2512854,1,0,0,0
ERR2512855,1,0,0,0
ERR2512856,1,0,0,0
ERR2512857,1,0,0,0
ERR2512858,1,0,0,0
ERR2512859,1,0,0,0
ERR2512860,1,0,0,0
ERR2512861,1,0,0,0
ERR2512862,1,0,0,0
ERR2512863,1,0,0,0
ERR2512864,1,0,0,0
ERR2512865,1,0,0,0
ERR2512866,1,0,0,0
ERR2512867,1,0,0,0
ERR2512868,1,0,0,0
ERR2512869,1,0,0,0
ERR2512870,1,0,0,0
ERR2512871,1,0,0,0
ERR2512872,1,0,0,0
ERR2512873,1,0,0,0
ERR2512874,1,0,0,0
ERR2512875,1,0,0,0
ERR2512877,1,0,0,0
ERR2512879,1,0,0,0
ERR2512880,1,0,0,0
ERR2512881,1,0,0,0
ERR2512882,1,1,1,1
ERR2512884,1,0,0,0
ERR2512885,1,0,0,0
ERR2512886,1,0,0,0
ERR2512887,1,0,0,0
ERR2512888,1,0,0,0
ERR2512889,1,0,0,0
ERR2512890,1,0,0,0
ERR2512891,1,0,0,0
ERR2512892,1,0,0,0
ERR2512893,1,0,0,0
ERR2512894,1,0,0,0
ERR2512895,1,0,0,0
ERR2512896,1,0,0,0
ERR2512897,1,0,0,0
ERR2512898,1,0,0,0
ERR2512899,1,0,0,0
ERR2512900,1,0,0,0
ERR2512901,1,0,0,0
ERR2512902,1,0,0,0
ERR2512903,1,0,0,0
ERR2512904,1,0,0,0
ERR2512905,1,0,0,0
ERR2512906,1,0,0,0
ERR2512907,1,0,0,0
ERR2512908,1,0,0,0
ERR2512909,1,0,0,0
ERR2512910,1,0,0,0
ERR2512911,1,0,0,0
ERR2512912,1,0,0,0
ERR2512913,1,0,0,0
ERR2512914,1,0,0,0
ERR2512915,1,0,0,0
ERR2512916,1,0,0,0
ERR2512917,1,0,0,0
ERR2512918,1,0,0,0
ERR2512919,1,0,0,0
ERR2512920,1,0,0,0
ERR2512921,1,0,0,0
ERR2512922,1,0,0,0
ERR2512924,1,0,0,0
ERR2512925,1,0,0,0
ERR2512927,1,0,0,0
ERR2512928,1,0,0,0
ERR2512929,1,0,0,0
ERR2512930,1,1,0,0
ERR2512931,1,0,0,1
ERR2512932,1,0,0,0
ERR2512933,1,0,0,0
ERR2512934,1,0,0,0
ERR2512935,1,0,0,0
ERR2512936,1,1,1,0
ERR2512937,0,0,0,0
ERR2512938,0,0,0,0
ERR2512939,0,0,0,0
ERR2512940,0,0,0,0
ERR2512942,0,0,0,0
ERR2512943,0,0,0,0
ERR2512944,0,0,0,0
ERR2512945,0,0,0,0
ERR2512946,0,0,0,0
ERR2512947,0,0,0,0
ERR2512948,0,0,0,0
ERR2512949,0,0,0,0
ERR2512950,0,0,0,0
ERR2512951,0,0,0,0
ERR2512952,0,0,0,0
ERR2512953,0,0,0,0
ERR2512954,0,0,0,1
ERR2512955,0,0,0,0
ERR2512956,0,0,0,1
ERR2512957,0,0,0,0
ERR2512958,0,0,0,0
ERR2512959,0,0,0,0
ERR2512960,0,0,0,0
ERR2512961,0,0,0,0
ERR2512962,0,0,0,1
ERR2512963,0,0,0,0
ERR2512964,0,0,0,0
ERR2512965,0,0,0,0
ERR2512966,0,0,0,0
ERR2512967,0,0,0,0
ERR2512968,0,0,0,0
ERR2512969,0,0,0,0
ERR2512970,0,0,0,0
ERR2512971,0,0,0,0
ERR2512973,0,0,0,0
ERR2512974,0,0,0,0
ERR2512975,0,1,1,1
ERR2512976,0,0,0,0
ERR2512977,0,0,0,0
ERR2512978,0,0,0,0
ERR2512979,0,1,1,1
ERR2512980,0,0,0,0
ERR2512981,0,0,0,0
ERR2512982,0,0,0,0
ERR2512983,0,0,0,0
ERR2512984,0,0,0,0
ERR2512985,0,0,0,0
ERR2512986,0,0,0,0
ERR2512987,0,0,0,0
ERR2512988,0,0,0,0
ERR2512989,0,0,0,0
ERR2512990,0,0,0,0
ERR2512991,0,0,0,0
ERR2512992,0,0,0,0
ERR2512993,0,0,0,0
ERR2512994,0,0,0,0
ERR2512996,0,0,0,0
ERR2512997,0,0,0,0
ERR2512998,0,0,0,0
ERR2512999,0,0,0,0
ERR2513000,0,0,1,0
ERR2513001,0,0,0,0
ERR2513002,0,0,0,0
ERR2513003,0,0,0,0
ERR2513004,0,0,0,0
ERR2513005,0,0,0,0
ERR2513006,0,0,0,0
ERR2513007,0,0,0,0
ERR2513008,0,0,0,0
ERR2513010,0,0,0,0
ERR2513012,0,0,0,0
ERR2513013,0,0,0,0
ERR2513014,0,0,0,0
ERR2513015,0,0,0,0
ERR2513016,0,0,0,0
ERR2513017,0,0,0,0
ERR2513018,0,0,0,0
ERR2513019,0,0,0,0
ERR2513020,0,0,0,0
ERR2513021,0,0,0,0
ERR2513022,0,0,0,0
ERR2513023,0,0,0,0
ERR2513024,0,0,0,0
ERR2513025,0,0,0,0
ERR2513027,0,1,0,0
ERR2513028,0,0,0,0
ERR2513029,0,0,0,0
ERR2513030,0,0,0,0
ERR2513031,0,0,0,0
ERR2513032,0,0,0,0
ERR2513033,0,0,0,0
ERR2513034,0,0,0,1
ERR2513035,0,0,0,0
ERR2513036,0,0,0,0
ERR2513037,0,0,0,0
ERR2513038,0,0,0,0
ERR2513039,0,0,0,0
ERR2513040,0,0,0,0
ERR2513041,0,0,0,0
ERR2513042,0,0,0,0
ERR2513044,0,0,0,0
ERR2513045,0,0,0,0
ERR2513046,0,0,0,0
ERR2513047,0,0,0,0
ERR2513048,0,0,0,0
ERR2513049,0,0,0,0
ERR2513050,0,0,0,0
ERR2513051,0,0,0,0
ERR2513052,0,0,0,0
ERR2513053,0,0,0,0
ERR2513054,0,0,0,0
ERR2513055,0,0,0,0
ERR2513056,0,0,1,0
ERR2513057,0,0,0,0
ERR2513058,0,0,0,0
ERR2513059,0,0,0,0
ERR2513060,0,0,0,0
ERR2513061,0,0,0,0
ERR2513062,0,0,0,0
ERR2513063,0,0,0,0
ERR2513064,0,0,0,0
ERR2513065,0,0,0,0
ERR2513066,0,0,0,0
ERR2513068,0,0,0,0
ERR2513069,0,0,0,0
ERR2513070,0,0,0,0
ERR2513072,0,0,0,0
ERR2513073,0,0,0,0
ERR2513074,0,0,0,0
ERR2513075,0,0,0,0
ERR2513076,0,0,0,0
ERR2513077,0,0,0,0
ERR2513078,0,0,0,0
ERR2513079,0,0,0,0
ERR2513080,0,0,0,0
ERR2513081,0,0,0,0
ERR2513082,0,0,0,0
ERR2513083,0,0,0,0
ERR2513084,0,0,0,0
ERR2513085,0,0,0,0
ERR2513086,0,0,0,0
ERR2513087,0,0,0,0
ERR2513088,0,0,0,0
ERR2513089,0,0,0,0
ERR2513090,0,0,0,0
ERR2513091,0,0,0,0
ERR2513092,0,0,0,0
ERR2513093,0,0,0,0
ERR2513094,0,0,0,0
ERR2513095,0,0,0,0
ERR2513096,0,0,0,0
ERR2513097,0,0,0,0
ERR2513098,0,0,0,0
ERR2513099,0,0,0,0
ERR2513100,0,0,0,0
ERR2513101,0,0,0,0
ERR2513102,0,0,0,0
ERR2513103,0,0,0,0
ERR2513105,0,0,0,0
ERR2513106,0,0,0,0
ERR2513107,0,0,0,0
ERR2513108,0,0,0,0
ERR2513109,0,0,0,0
ERR2513110,0,0,0,0
ERR2513111,0,0,0,0
ERR2513112,0,0,0,0
ERR2513113,0,0,0,0
ERR2513114,0,0,0,0
ERR2513115,0,0,0,0
ERR2513116,0,0,0,0
ERR2513117,0,0,0,0
ERR2513118,0,0,0,0
ERR2513119,0,0,0,0
ERR2513120,0,0,0,0
ERR2513121,0,0,0,0
ERR2513122,0,0,0,0
ERR2513124,0,0,0,0
ERR2513125,0,0,0,0
ERR2513127,0,0,0,0
ERR2513128,0,0,0,0
ERR2513129,0,0,0,0
ERR2513130,0,0,0,0
ERR2513131,0,0,0,0
ERR2513132,0,0,0,0
ERR2513133,0,0,0,0
ERR2513134,0,0,0,0
ERR2513135,0,0,0,0
ERR2513136,0,0,0,0
ERR2513137,0,0,0,0
ERR2513138,0,0,0,1
ERR2513139,0,0,0,0
ERR2513140,0,0,0,0
ERR2513141,0,0,0,0
ERR2513142,0,0,0,0
ERR2513143,0,0,0,0
ERR2513144,0,0,0,0
ERR2513145,0,0,0,0
ERR2513146,0,0,0,0
ERR2513147,0,0,0,0
ERR2513148,0,0,0,0
ERR2513149,0,0,0,0
ERR2513150,0,0,0,0
ERR2513151,0,0,0,0
ERR2513152,0,0,0,0
ERR2513153,0,0,0,0
ERR2513154,0,0,0,0
ERR2513155,0,0,0,0
ERR2513156,0,0,0,0
ERR2513157,0,0,0,0
ERR2513158,0,0,0,0
ERR2513159,0,0,0,0
ERR2513161,0,0,0,0
ERR2513162,0,0,0,0
ERR2513164,0,0,0,0
ERR2513165,0,1,0,0
ERR2513166,0,0,0,0
ERR2513167,0,0,0,0
ERR2513168,0,0,0,0
ERR2513169,0,0,0,0
ERR2513170,0,0,0,0
ERR2513171,0,0,0,0
ERR2513172,0,0,0,0
ERR2513173,0,0,0,0
ERR2513174,0,0,0,0
ERR2513175,0,0,0,0
ERR2513176,0,0,0,0
ERR2513177,0,0,0,0
ERR2513178,0,0,0,0
ERR2513180,0,0,0,0
ERR2513182,0,0,0,0
ERR2513183,0,0,0,0
ERR2513184,0,0,0,0
ERR2513185,0,0,0,0
ERR2513186,0,0,0,0
ERR2513187,0,0,0,0
ERR2513188,0,0,0,0
ERR2513189,0,0,0,0
ERR2513190,0,0,0,0
ERR2513191,0,0,0,0
ERR2513192,0,0,0,0
ERR2513193,0,0,0,0
ERR2513194,0,0,0,1
ERR2513195,0,0,0,0
ERR2513196,0,0,0,0
ERR2513197,0,0,0,0
ERR2513198,0,0,0,0
ERR2513199,0,0,0,0
ERR2513200,0,0,0,0
ERR2513201,0,0,0,0
ERR2513202,0,0,0,0
ERR2513203,0,0,0,0
ERR2513204,0,0,0,0
ERR2513205,0,0,0,0
ERR2513206,0,0,0,0
ERR2513207,0,0,0,0
ERR2513208,0,0,0,0
ERR2513209,0,0,0,0
ERR2513210,0,0,0,0
ERR2513211,0,0,0,0
ERR2513212,0,0,0,0
ERR2513213,0,0,0,0
ERR2513214,0,0,0,0
ERR2513215,0,0,0,0
ERR2513216,0,0,0,0
ERR2513217,0,0,0,0
ERR2513218,0,0,0,0
ERR2513219,0,0,0,0
ERR2513220,0,0,0,0
ERR2513222,0,0,0,0
ERR2513223,0,0,0,0
ERR2513224,0,0,0,0
ERR2513225,0,0,0,0
ERR2513226,0,0,0,0
ERR2513227,0,0,0,0
ERR2513228,0,0,0,0
ERR2513230,0,0,0,0
ERR2513231,0,0,0,0
ERR2513232,0,0,0,0
ERR2513233,0,0,0,0
ERR2513234,0,0,0,0
ERR2513235,0,0,0,0
ERR2513236,0,0,0,0
ERR2513237,0,0,0,0
ERR2513238,0,0,0,0
ERR2513239,0,0,0,0
ERR2513240,0,1,1,0
ERR2513242,0,0,0,0
ERR2513243,0,0,0,0
ERR2513244,0,0,0,0
ERR2513245,0,0,0,0
ERR2513246,0,0,0,0
ERR2513247,0,0,0,0
ERR2513248,0,0,0,0
ERR2513249,0,0,0,0
ERR2513250,0,0,0,0
ERR2513251,0,0,0,0
ERR2513252,0,0,0,0
ERR2513253,0,0,0,0
ERR2513254,0,0,0,0
ERR2513255,0,0,0,0
ERR2513256,0,0,0,0
ERR2513257,0,0,0,0
ERR2513258,0,0,0,0
ERR2513259,0,0,0,0
ERR2513260,0,0,0,0
ERR2513261,0,0,0,0
ERR2513263,0,0,0,0
ERR2513264,0,0,0,0
ERR2513265,0,0,0,0
ERR2513266,0,0,0,0
ERR2513267,0,0,0,0
ERR2513268,0,0,0,0
ERR2513269,0,0,0,0
ERR2513270,0,0,0,0
ERR2513271,0,0,0,0
ERR2513272,0,0,0,0
ERR2513273,0,0,0,0
ERR2513274,0,0,0,0
ERR2513275,0,0,0,0
ERR2513276,0,0,0,0
ERR2513277,0,0,0,0
ERR2513278,0,0,0,0
ERR2513279,0,0,0,0
ERR2513280,0,0,0,0
ERR2513281,0,0,0,0
ERR2513282,0,0,0,0
ERR2513283,0,0,0,0
ERR2513284,0,0,0,0
ERR2513285,0,0,0,0
ERR2513286,0,0,0,0
ERR2513287,0,0,0,0
ERR2513288,0,0,0,0
ERR2513289,0,0,0,0
ERR2513290,0,0,0,0
ERR2513291,0,0,0,0
ERR2513292,0,0,0,0
ERR2513293,0,0,0,0
ERR2513294,0,0,0,0
ERR2513296,0,0,0,0
ERR2513297,0,0,0,0
ERR2513298,0,0,0,0
ERR2513299,0,0,0,0
ERR2513300,0,0,0,0
ERR2513301,0,0,0,0
ERR2513302,0,0,0,1
ERR2513303,0,0,0,0
ERR2513304,0,0,0,0
ERR2513305,0,0,0,0
ERR2513306,0,0,0,0
ERR2513307,0,0,0,0
ERR2513308,0,0,0,0
ERR2513309,0,0,0,0
ERR2513310,0,0,0,0
ERR2513311,0,0,0,0
ERR2513312,0,0,0,0
ERR2513313,0,0,0,0
ERR2513314,0,0,0,0
ERR2513315,0,0,0,0
ERR2513316,0,0,0,0
ERR2513317,0,0,0,0
ERR2513318,0,0,0,0
ERR2513319,0,0,0,0
ERR2513320,0,0,0,0
ERR2513321,0,0,0,0
ERR2513322,0,0,0,0
ERR2513323,0,0,0,0
ERR2513324,0,0,0,0
ERR2513325,0,0,0,0
ERR2513326,0,0,0,0
ERR2513327,0,0,0,0
ERR2513328,0,0,0,0
ERR2513329,0,0,0,0
ERR2513330,0,0,0,0
ERR2513331,0,0,0,0
ERR2513333,0,0,0,0
ERR2513334,0,0,0,0
ERR2513335,0,0,0,0
ERR2513336,0,0,0,0
ERR2513337,0,0,0,0
ERR2513338,0,0,0,0
ERR2513339,0,0,0,0
ERR2513340,0,0,0,0
ERR2513341,0,0,0,0
ERR2513342,0,0,0,0
ERR2513343,0,0,0,0
ERR2513344,0,0,0,0
ERR2513345,0,0,0,0
ERR2513346,0,0,0,0
ERR2513347,0,0,0,0
ERR2513348,0,0,0,0
ERR2513349,0,0,0,0
ERR2513350,0,0,0,0
ERR2513351,0,0,0,0
ERR2513352,0,1,1,1
ERR2513353,0,0,0,0
ERR2513354,0,0,0,0
ERR2513355,0,0,0,0
ERR2513356,0,0,0,0
ERR2513357,0,0,0,0
ERR2513358,0,0,0,0
ERR2513359,0,0,0,0
ERR2513360,0,0,0,0
ERR2513361,0,0,0,0
ERR2513362,0,0,0,0
ERR2513363,0,0,0,0
ERR2513364,0,0,0,0
ERR2513365,0,0,0,0
ERR2513366,0,0,0,0
ERR2513367,0,0,0,0
ERR2513368,0,0,0,0
ERR2513369,0,0,0,0
ERR2513370,0,0,0,0
ERR2513371,0,0,0,0
ERR2513376,0,0,0,0
ERR2513377,0,0,0,0
ERR2513378,0,0,0,0
ERR2513380,0,0,0,0
ERR2513381,0,0,0,0
ERR2513382,0,0,0,0
ERR2513383,0,0,0,0
ERR2513384,0,0,0,0
ERR2513385,0,0,0,0
ERR2513386,0,0,0,0
ERR2513387,0,0,0,0
ERR2513388,0,0,0,0
ERR2513389,0,0,0,0
ERR2513390,0,0,0,0
ERR2513391,0,0,0,0
ERR2513392,0,0,0,0
ERR2513393,0,0,0,0
ERR2513394,0,0,0,0
ERR2513395,0,0,0,0
ERR2513397,0,0,0,0
ERR2513398,0,0,0,0
ERR2513399,0,0,0,0
ERR2513400,0,0,0,0
ERR2513401,0,0,0,0
ERR2513402,0,0,0,0
ERR2513403,0,0,0,0
ERR2513404,0,0,0,0
ERR2513405,0,0,0,0
ERR2513406,0,0,0,0
ERR2513407,0,0,0,0
ERR2513408,0,1,1,1
ERR2513409,0,0,0,0
ERR2513410,0,0,0,0
ERR2513411,0,0,0,0
ERR2513412,0,0,0,0
ERR2513413,0,0,0,0
ERR2513414,0,0,0,0
ERR2513415,0,0,0,0
ERR2513416,0,0,0,0
ERR2513417,0,0,0,0
ERR2513418,0,0,0,0
ERR2513419,0,0,0,0
ERR2513421,0,0,0,0
ERR2513422,0,0,0,0
ERR2513423,0,0,0,0
ERR2513424,0,0,0,0
ERR2513425,0,0,0,0
ERR2513426,0,0,0,0
ERR2513427,0,0,0,0
ERR2513428,0,0,0,1
ERR2513429,0,0,0,0
ERR2513430,0,0,0,0
ERR2513431,0,0,0,0
ERR2513432,0,0,0,0
ERR2513433,0,0,0,1
ERR2513434,0,0,0,0
ERR2513435,0,0,0,0
ERR2513437,0,0,0,0
ERR2513438,0,0,0,0
ERR2513439,0,0,0,0
ERR2513440,0,0,0,0
ERR2513441,0,1,1,0
ERR2513442,0,0,0,0
ERR2513443,0,0,0,0
ERR2513444,0,0,0,0
ERR2513445,0,0,0,0
ERR2513446,0,0,0,0
ERR2513447,0,0,0,0
ERR2513448,0,0,0,0
ERR2513449,0,0,0,0
ERR2513450,0,0,0,0
ERR2513451,0,0,0,0
ERR2513452,0,0,0,0
ERR2513453,0,0,0,0
ERR2513454,0,0,0,0
ERR2513455,0,0,0,0
ERR2513456,0,0,0,0
ERR2513457,0,0,0,0
ERR2513458,0,0,0,0
ERR2513459,0,0,0,0
ERR2513460,0,1,1,1
ERR2513461,0,0,0,0
ERR2513462,0,0,0,0
ERR2513463,0,0,0,0
ERR2513464,0,0,0,0
ERR2513465,0,0,0,0
ERR2513466,0,0,0,0
ERR2513467,0,0,0,0
ERR2513468,0,0,0,0
ERR2513469,0,0,0,0
ERR2513470,0,0,0,0
ERR2513471,0,0,0,0
ERR2513472,0,0,0,0
ERR2513473,0,0,0,0
ERR2513474,0,0,0,0
ERR2513475,0,0,0,0
ERR2513476,0,0,0,0
ERR2513477,0,0,0,0
ERR2513478,0,0,0,0
ERR2513479,0,0,0,0
ERR2513480,0,0,0,0
ERR2513481,0,0,0,0
ERR2513482,0,0,0,0
ERR2513483,0,0,0,0
ERR2513484,0,0,0,0
ERR2513485,0,0,0,0
ERR2513486,0,0,0,0
ERR2513487,0,0,0,0
ERR2513488,0,0,0,0
ERR2513489,0,0,0,0
ERR2513490,0,0,0,0
ERR2513491,0,0,0,0
ERR2513492,0,0,0,0
ERR2513493,0,0,0,0
ERR2513494,0,0,0,0
ERR2513495,0,0,0,0
ERR2513496,0,0,0,0
ERR2513497,0,0,0,0
ERR2513498,0,0,0,0
ERR2513499,0,0,0,0
ERR2513500,0,0,0,0
ERR2513501,0,0,0,0
ERR2513502,0,0,0,0
ERR2513503,0,0,0,0
ERR2513504,0,0,0,0
ERR2513505,0,0,0,0
ERR2513506,0,0,0,0
ERR2513507,0,0,0,0
ERR2513508,0,0,0,0
ERR2513510,0,0,0,0
ERR2513512,0,0,0,0
ERR2513513,0,0,0,0
ERR2513514,0,0,0,0
ERR2513515,0,0,0,0
ERR2513516,0,0,0,0
ERR2513518,0,0,0,0
ERR2513519,0,0,0,0
ERR2513520,0,0,0,0
ERR2513521,0,0,0,0
ERR2513522,0,0,0,0
ERR2513523,0,0,0,0
ERR2513524,0,0,0,0
ERR2513525,0,0,0,0
ERR2513526,0,0,0,0
ERR2513527,0,0,0,0
ERR2513528,0,0,0,0
ERR2513529,0,0,0,0
ERR2513530,0,0,0,0
ERR2513531,0,0,0,0
ERR2513532,0,0,0,0
ERR2513533,0,0,0,0
ERR2513534,0,0,0,0
ERR2513535,0,0,0,0
ERR2513536,0,0,0,0
ERR2513537,0,0,0,0
ERR2513538,0,0,0,0
ERR2513539,0,0,0,0
ERR2513540,0,0,0,0
ERR2513541,0,0,0,0
ERR2513542,0,0,0,0
ERR2513543,0,0,0,0
ERR2513544,0,0,0,0
ERR2513545,0,0,0,0
ERR2513546,0,0,0,0
ERR2513547,0,0,0,0
ERR2513548,0,0,0,0
ERR2513549,0,0,0,0
ERR2513550,0,0,0,0
ERR2513551,0,0,0,0
ERR2513552,0,0,0,0
ERR2513553,0,0,0,0
ERR2513554,0,0,0,0
ERR2513555,0,0,0,0
ERR2513556,0,0,0,0
ERR2513557,0,0,0,0
ERR2513558,0,0,0,0
ERR2513559,0,0,0,0
ERR2513560,0,0,0,0
ERR2513561,0,0,0,0
ERR2513562,0,0,0,0
ERR2513563,0,0,0,0
ERR2513566,0,0,0,0
ERR2513567,0,0,0,0
ERR2513568,0,0,0,0
ERR2513569,0,0,0,0
ERR2513570,0,0,0,0
ERR2513571,0,0,0,0
ERR2513573,0,0,0,0
ERR2513574,0,0,0,0
ERR2513575,0,0,0,0
ERR2513576,0,0,0,0
ERR2513577,0,0,0,0
ERR2513578,0,0,0,0
ERR2513579,0,0,0,0
ERR2513580,0,0,0,0
ERR2513581,0,0,0,0
ERR2513582,0,0,0,0
ERR2513583,0,0,0,0
ERR2513584,0,0,0,0
ERR2513585,0,0,0,0
ERR2513586,0,0,0,0
ERR2513587,0,0,0,0
ERR2513588,0,0,0,0
ERR2513589,0,0,0,0
ERR2513590,0,0,0,0
ERR2513591,0,0,0,0
ERR2513592,0,0,0,0
ERR2513593,0,0,0,0
ERR2513594,0,0,0,0
ERR2513595,0,0,0,0
ERR2513596,0,0,0,0
ERR2513597,0,0,0,0
ERR2513598,0,0,0,0
ERR2513599,0,0,0,0
ERR2513600,0,0,0,0
ERR2513601,0,0,0,0
ERR2513602,0,0,0,0
ERR2513603,0,0,0,0
ERR2513604,0,0,0,0
ERR2513606,0,0,0,0
ERR2513609,0,0,0,0
ERR2513610,0,0,0,0
ERR2513611,0,0,0,0
ERR2513612,0,0,0,0
ERR2513613,0,0,0,0
ERR2513614,0,0,0,0
ERR2513615,0,0,0,0
ERR2513616,0,0,0,0
ERR2513617,0,0,0,0
ERR2513618,0,0,0,0
ERR2513619,0,0,0,0
ERR2513620,0,0,0,0
ERR2513621,0,0,0,0
ERR2513622,0,0,0,0
ERR2513623,0,0,0,0
ERR2513624,0,0,0,0
ERR2513626,0,0,0,0
ERR2513627,0,0,0,0
ERR2513628,0,0,0,0
ERR2513629,0,0,0,0
ERR2513630,0,0,0,0
ERR2513632,0,0,0,0
ERR2513633,0,0,0,0
ERR2513634,0,0,0,0
ERR2513635,0,0,0,0
ERR2513636,0,0,0,0
ERR2513637,0,0,0,0
ERR2513638,0,0,0,0
ERR2513639,0,0,0,0
ERR2513640,0,0,0,0
ERR2513642,0,0,0,0
ERR2513643,0,0,0,0
ERR2513644,0,0,0,0
ERR2513645,0,0,0,0
ERR2513646,0,0,0,0
ERR2513647,0,0,0,0
ERR2513648,0,0,0,0
ERR2513649,0,0,0,0
ERR2513650,0,0,0,0
ERR2513651,0,0,0,0
ERR2513652,0,0,0,0
ERR2513653,0,0,0,0
ERR2513654,0,0,0,0
ERR2513656,0,1,1,1
ERR2513659,0,0,0,0
ERR2513660,0,0,0,0
ERR2513661,0,0,0,0
ERR2513664,0,0,0,0
ERR2513665,0,0,0,0
ERR2513666,0,0,0,0
ERR2513667,0,0,0,0
ERR2513668,0,0,0,0
ERR2513669,0,0,0,0
ERR2513670,0,0,0,0
ERR2513673,0,0,0,0
ERR2513674,0,0,0,0
ERR2513675,0,0,0,0
ERR2513676,0,0,0,0
ERR2513677,0,0,0,0
ERR2513678,0,0,0,0
ERR2513679,0,0,0,0
ERR2513680,0,0,0,0
ERR2513681,0,0,0,0
ERR2513682,0,0,0,0
ERR2513683,0,0,0,0
ERR2513684,0,0,0,0
ERR2513685,0,0,0,0
ERR2513686,0,0,0,0
ERR2513687,0,0,0,0
ERR2513688,0,0,0,0
ERR2513689,0,0,0,0
ERR2513690,0,0,0,0
ERR2513691,0,0,0,0
ERR2513692,0,0,0,0
ERR2513693,0,0,0,0
ERR2513694,0,0,0,0
ERR2513695,0,0,0,0
ERR2513696,0,0,0,0
ERR2513697,0,0,0,0
ERR2513698,0,0,0,0
ERR2513699,0,0,0,0
ERR2513700,0,0,0,0
ERR2513701,0,0,0,0
ERR2513702,0,0,0,0
ERR2513703,0,0,0,0
ERR2513704,0,0,0,0
ERR2513705,0,0,0,0
ERR2513706,0,0,0,0
ERR2513707,0,0,0,0
ERR2513708,0,0,0,0
ERR2513709,0,0,0,0
ERR2513710,0,0,0,0
ERR2513711,0,0,0,0
ERR2513712,0,0,0,0
ERR2513713,0,0,0,0
ERR2513714,0,0,0,0
ERR2513715,0,0,0,0
ERR2513716,0,0,0,0
ERR2513717,0,0,0,0
ERR2513718,0,0,0,0
ERR2513719,0,0,0,0
ERR2513720,0,0,0,1
ERR2513721,0,0,0,0
ERR2513722,0,0,0,0
ERR2513723,0,0,0,0
ERR2513724,0,0,0,0
ERR2513725,0,0,0,0
ERR2513726,0,0,0,0
ERR2513727,0,0,0,0
ERR2513728,0,0,0,0
ERR2513729,0,0,0,0
ERR2513730,0,0,0,0
ERR2513731,0,0,0,0
ERR2513732,0,0,0,0
ERR2513733,0,0,0,0
ERR2513734,0,0,0,0
ERR2513736,0,0,0,0
ERR2513737,0,0,0,0
ERR2513738,0,0,0,0
ERR2513739,0,0,0,0
ERR2513740,0,0,0,0
ERR2513741,0,0,0,0
ERR2513743,0,0,0,0
ERR2513744,0,0,0,0
ERR2513745,0,0,0,0
ERR2513746,0,0,0,0
ERR2513747,0,0,0,0
ERR2513748,0,0,0,0
ERR2513749,0,0,0,0
ERR2513751,0,0,0,0
ERR2513752,0,0,0,0
ERR2513753,0,0,0,0
ERR2513754,0,0,0,0
ERR2513755,0,0,0,0
ERR2513756,0,0,0,0
ERR2513757,0,0,0,0
ERR2513758,0,0,0,0
ERR2513759,0,0,0,0
ERR2513760,0,0,0,0
ERR2513761,0,0,0,0
ERR2513762,0,0,0,0
ERR2513763,0,0,0,0
ERR2513764,0,0,0,0
ERR2513765,0,0,0,0
ERR2513766,0,0,0,0
ERR2513767,0,0,0,0
ERR2513768,0,0,0,0
ERR2513769,0,0,0,0
ERR2513771,0,0,0,0
ERR2513772,0,0,0,0
ERR2513773,0,0,0,0
ERR2513774,0,0,0,0
ERR2513775,0,0,0,0
ERR2513777,0,0,0,0
ERR2513778,0,0,0,0
ERR2513779,0,0,0,0
ERR2513780,0,0,0,0
ERR2513781,0,0,0,0
ERR2513782,0,0,0,0
ERR2513783,0,0,0,0
ERR2513784,0,0,0,0
ERR2513785,0,0,0,0
ERR2513786,0,1,1,1
ERR2513787,0,0,0,0
ERR2513788,0,0,0,0
ERR2513789,0,0,0,0
ERR2513790,0,0,0,0
ERR2513792,0,0,0,0
ERR2513793,0,0,0,0
ERR2513795,0,0,0,0
ERR2513796,0,0,0,0
ERR2513797,0,0,0,0
ERR2513798,0,0,0,0
ERR2513799,0,0,0,0
ERR2513800,0,0,0,0
ERR2513801,0,0,0,0
ERR2513802,0,0,0,0
ERR2513803,0,0,0,0
ERR2513804,0,0,0,0
ERR2513805,0,0,0,0
ERR2513806,0,0,0,0
ERR2513807,0,0,0,0
ERR2513808,0,0,0,0
ERR2513809,0,0,0,0
ERR2513810,0,0,0,0
ERR2513812,0,0,0,0
ERR2513813,0,0,0,0
ERR2513814,0,0,0,0
ERR2513815,0,0,0,0
ERR2513816,0,0,0,0
ERR2513817,0,0,0,0
ERR2513818,0,0,0,0
ERR2513819,0,1,0,0
ERR2513821,0,0,0,0
ERR2513822,0,0,0,0
ERR2513823,0,0,0,0
ERR2513824,0,0,0,0
ERR2513825,0,0,0,0
ERR2513827,0,0,0,0
ERR2513828,0,0,0,0
ERR2513829,0,0,0,0
ERR2513830,0,0,0,0
ERR2513831,0,1,1,1
ERR2513832,0,0,0,0
ERR2513833,0,0,0,0
ERR2513834,0,0,0,0
ERR2513835,0,1,1,1
ERR2513836,0,0,0,0
ERR2513837,0,0,0,0
ERR2513838,0,0,0,0
ERR2513839,0,0,0,0
ERR2513840,0,0,0,0
ERR2513841,0,0,0,0
ERR2513842,0,0,0,0
ERR2513843,0,0,0,0
ERR2513844,0,0,0,0
ERR2513845,0,0,0,0
ERR2513846,0,0,0,0
ERR2513847,0,0,0,0
ERR2513848,0,0,0,0
ERR2513849,0,0,0,0
ERR2513851,0,0,0,0
ERR2513852,0,1,1,0
ERR2513853,0,0,0,0
ERR2513854,0,0,0,0
ERR2513855,0,0,0,0
ERR2513856,0,0,0,0
ERR2513857,0,0,0,0
ERR2513858,0,0,0,0
ERR2513859,0,0,0,0
ERR2513860,0,0,0,0
ERR2513861,0,0,0,0
ERR2513862,0,0,0,0
ERR2513863,0,0,0,0
ERR2513864,0,0,0,0
ERR2513865,0,0,0,0
ERR2513866,0,0,0,0
ERR2513867,0,0,0,0
ERR2513868,0,0,0,0
ERR2513869,0,0,0,0
ERR2513870,0,0,0,0
ERR2513871,0,0,0,0
ERR2513872,0,1,0,0
ERR2513873,0,0,0,0
ERR2513874,0,0,0,0
ERR2513875,0,0,0,0
ERR2513876,0,0,0,0
ERR2513877,0,0,0,0
ERR2513878,0,0,0,0
ERR2513879,0,0,0,0
ERR2513880,0,1,1,0
ERR2513881,0,0,0,0
ERR2513882,0,0,0,0
ERR2513883,0,0,0,0
ERR2513884,0,0,0,0
ERR2513885,0,0,0,0
ERR2513886,0,0,0,0
ERR2513887,0,0,0,0
ERR2513888,0,0,0,0
ERR2513889,0,0,0,0
ERR2513890,0,0,0,0
ERR2513891,0,0,0,0
ERR2513892,0,0,0,0
ERR2513893,0,0,0,0
ERR2513894,0,0,0,0
ERR2513895,0,0,0,0
ERR2513896,0,0,0,0
ERR2513897,0,0,0,0
ERR2513898,0,0,0,0
ERR2513899,0,0,0,0
ERR2513900,0,0,0,0
ERR2513901,0,0,0,0
ERR2513902,0,0,0,0
ERR2513903,0,0,0,0
ERR2513904,0,0,0,0
ERR2513905,0,0,0,0
ERR2513906,0,0,0,0
ERR2513907,0,0,0,0
ERR2513908,0,0,0,0
ERR2513909,0,0,0,0
ERR2513910,0,0,0,0
ERR2513911,0,0,0,0
ERR2513912,0,0,0,0
ERR2513913,0,0,0,0
ERR2513914,0,0,0,0
ERR2513915,0,0,0,0
ERR2513916,0,0,0,0
ERR2513917,0,0,0,0
ERR2513918,0,0,0,0
ERR2513919,0,0,0,0
ERR2513920,0,0,0,0
ERR2513921,0,0,0,0
ERR2513922,0,0,0,0
ERR2513923,0,0,0,0
ERR2513924,0,0,0,0
ERR2513925,0,0,0,0
ERR2513926,0,0,0,0
ERR2513927,0,0,0,0
ERR2513928,0,0,0,0
ERR2513929,0,0,0,0
ERR2513930,0,0,0,0
ERR2513931,0,0,0,0
ERR2513932,0,0,0,0
ERR2513933,0,0,0,0
ERR2513934,0,0,0,0
ERR2513935,0,0,0,0
ERR2513936,0,0,0,0
ERR2513937,0,0,0,0
ERR2513938,0,0,0,0
ERR2513939,0,0,0,0
ERR2513940,0,0,0,0
ERR2513941,0,0,0,0
ERR2513942,0,0,0,0
ERR2513943,0,0,0,0
ERR2513944,0,0,0,0
ERR2513945,0,0,0,0
ERR2513946,0,0,0,0
ERR2513947,0,0,0,0
ERR2513948,0,0,0,0
ERR2513949,0,0,0,0
ERR2513950,0,1,1,0
ERR2513951,0,0,0,0
ERR2513952,0,0,0,0
ERR2513953,0,0,0,0
ERR2513954,0,1,0,0
ERR2513955,0,0,0,0
ERR2513956,0,0,0,0
ERR2513958,0,0,0,0
ERR2513960,0,0,0,0
ERR2513961,0,0,0,0
ERR2513962,0,0,0,0
ERR2513963,0,0,0,0
ERR2513965,0,0,0,0
ERR2513966,0,0,0,0
ERR2513967,0,0,0,0
ERR2513968,0,0,0,0
ERR2513969,0,0,0,0
ERR2513970,0,0,0,0
ERR2513971,0,0,0,0
ERR2513972,0,0,0,0
ERR2513973,0,0,0,0
ERR2513974,0,0,0,0
ERR2513975,0,0,0,0
ERR2513976,0,0,0,0
ERR2513978,0,0,0,0
ERR2513979,0,0,0,0
ERR2513980,0,0,0,0
ERR2513981,0,0,0,0
ERR2513982,0,0,0,0
ERR2513983,0,0,0,0
ERR2513984,0,0,0,0
ERR2513985,0,0,0,0
ERR2513986,0,0,0,0
ERR2513987,0,1,0,0
ERR2513988,0,0,0,0
ERR2513989,0,0,0,0
ERR2513990,0,0,0,0
ERR2513991,0,0,0,0
ERR2513992,0,0,0,0
ERR2513993,0,0,0,0
ERR2513994,0,1,1,1
ERR2513995,0,0,0,0
ERR2513996,0,0,0,0
ERR2513997,0,0,0,0
ERR2513998,0,0,0,0
ERR2513999,0,0,0,0
ERR2514000,0,0,0,0
ERR2514001,0,0,0,0
ERR2514002,0,0,0,0
ERR2514003,0,0,0,0
ERR2514004,0,0,0,0
ERR2514005,0,1,0,0
ERR2514007,0,0,0,0
ERR2514008,0,0,0,1
ERR2514009,0,0,0,0
ERR2514010,0,0,0,0
ERR2514011,0,0,0,0
ERR2514012,0,0,0,0
ERR2514014,0,0,0,0
ERR2514015,0,0,0,0
ERR2514016,0,0,0,0
ERR2514017,0,0,0,0
ERR2514018,0,0,0,0
ERR2514019,0,0,0,0
ERR2514020,0,0,0,0
ERR2514021,0,0,0,0
ERR2514023,0,0,0,0
ERR2514024,0,0,0,0
ERR2514025,0,0,0,0
ERR2514026,0,0,0,0
ERR2514027,0,0,0,0
ERR2514028,0,0,0,0
ERR2514029,0,0,0,0
ERR2514030,0,0,0,0
ERR2514031,0,0,0,0
ERR2514032,0,0,0,0
ERR2514033,0,0,0,0
ERR2514034,0,0,0,0
ERR2514035,0,0,0,0
ERR2514036,0,0,0,0
ERR2514037,0,0,0,0
ERR2514038,0,0,0,0
ERR2514039,0,0,0,0
ERR2514041,0,0,0,0
ERR2514042,0,0,0,0
ERR2514043,0,0,0,0
ERR2514044,0,0,0,0
ERR2514045,0,0,0,0
ERR2514046,0,0,0,0
ERR2514047,0,0,0,0
ERR2514048,0,0,0,0
ERR2514049,0,0,0,0
ERR2514050,0,0,0,0
ERR2514051,0,0,0,0
ERR2514052,0,0,0,0
ERR2514053,0,0,0,0
ERR2514054,0,0,0,0
ERR2514055,0,0,0,0
ERR2514056,0,0,0,0
ERR2514057,0,0,0,0
ERR2514058,0,0,0,0
ERR2514059,0,0,0,0
ERR2514060,0,0,0,0
ERR2514061,0,0,0,0
ERR2514062,0,0,0,0
ERR2514064,0,0,0,0
ERR2514065,0,0,0,0
ERR2514066,0,0,0,0
ERR2514067,0,0,0,0
ERR2514068,0,0,0,0
ERR2514069,0,0,0,0
ERR2514070,0,0,0,0
ERR2514071,0,0,0,0
ERR2514072,0,0,0,0
ERR2514073,0,0,0,0
ERR2514074,0,0,0,0
ERR2514075,0,1,0,0
ERR2514076,0,0,0,0
ERR2514077,0,0,0,0
ERR2514078,0,0,0,0
ERR2514079,0,0,0,0
ERR2514080,0,0,0,0
ERR2514081,0,0,0,0
ERR2514082,0,0,0,0
ERR2514083,0,0,0,0
ERR2514084,0,0,0,0
ERR2514085,0,0,0,0
ERR2514086,0,0,0,0
ERR2514087,0,0,0,1
ERR2514088,0,0,1,0
ERR2514089,0,0,0,0
ERR2514090,0,0,0,0
ERR2514091,0,0,0,0
ERR2514093,0,0,0,0
ERR2514094,0,0,0,0
ERR2514095,0,0,0,0
ERR2514096,0,0,0,0
ERR2514097,0,0,0,0
ERR2514098,0,0,0,0
ERR2514099,0,0,0,0
ERR2514100,0,0,0,0
ERR2514101,0,0,0,0
ERR2514102,0,0,0,0
ERR2514103,0,0,0,0
ERR2514104,0,0,0,0
ERR2514105,0,0,0,0
ERR2514106,0,1,0,0
ERR2514107,0,0,0,0
ERR2514108,0,0,0,0
ERR2514109,0,0,0,0
ERR2514110,0,0,0,0
ERR2514111,0,0,0,0
ERR2514112,0,0,0,0
ERR2514113,0,0,0,0
ERR2514114,0,0,0,0
ERR2514115,0,0,0,0
ERR2514116,0,0,0,0
ERR2514117,0,0,0,0
ERR2514118,0,0,0,0
ERR2514119,0,0,0,0
ERR2514120,0,0,0,0
ERR2514121,0,0,0,0
ERR2514122,0,0,0,0
ERR2514123,0,1,1,0
ERR2514124,0,0,0,0
ERR2514125,0,0,0,0
ERR2514126,0,0,0,0
ERR2514127,0,0,0,0
ERR2514128,0,0,0,0
ERR2514129,0,0,0,0
ERR2514130,0,0,0,0
ERR2514131,0,0,0,0
ERR2514132,0,0,0,0
ERR2514133,0,0,0,0
ERR2514134,0,0,0,0
ERR2514135,0,0,0,0
ERR2514136,0,0,0,0
ERR2514138,0,0,0,0
ERR2514139,0,0,0,0
ERR2514140,0,0,0,0
ERR2514141,0,0,0,0
ERR2514142,0,0,0,0
ERR2514143,0,0,0,0
ERR2514144,0,0,0,1
ERR2514145,0,0,0,0
ERR2514146,0,0,0,0
ERR2514147,0,0,0,0
ERR2514148,0,0,0,0
ERR2514149,0,0,0,0
ERR2514150,0,0,0,0
ERR2514151,0,0,0,0
ERR2514152,0,0,0,0
ERR2514153,0,0,0,0
ERR2514154,0,0,0,0
ERR2514155,0,0,1,0
ERR2514156,0,0,0,0
ERR2514157,0,0,0,0
ERR2514158,0,0,0,0
ERR2514159,0,1,0,0
ERR2514160,0,0,0,0
ERR2514161,0,0,0,0
ERR2514162,0,0,0,0
ERR2514163,0,0,0,0
ERR2514164,0,0,0,0
ERR2514165,0,0,0,0
ERR2514166,0,0,0,0
ERR2514167,0,0,0,0
ERR2514168,0,0,0,0
ERR2514169,0,0,0,0
ERR2514170,0,0,0,0
ERR2514171,0,0,0,0
ERR2514172,0,0,0,0
ERR2514173,0,0,0,0
ERR2514174,0,0,0,0
ERR2514175,0,0,0,0
ERR2514176,0,0,0,0
ERR2514177,0,0,0,0
ERR2514179,0,0,0,0
ERR2514180,0,0,0,0
ERR2514181,0,0,0,0
ERR2514182,0,0,0,0
ERR2514183,0,0,0,0
ERR2514184,0,0,0,0
ERR2514187,0,0,0,0
ERR2514188,0,0,0,0
ERR2514189,0,0,0,0
ERR2514190,0,0,0,0
ERR2514191,0,0,0,1
ERR2514192,0,0,0,0
ERR2514193,0,0,0,0
ERR2514194,0,0,0,0
ERR2514195,0,0,0,0
ERR2514196,0,0,0,0
ERR2514197,0,0,0,0
ERR2514198,0,0,0,0
ERR2514199,0,0,0,0
ERR2514200,0,0,0,0
ERR2514201,0,0,0,0
ERR2514202,0,0,0,0
ERR2514203,0,0,0,0
ERR2514204,0,0,0,0
ERR2514205,0,0,0,0
ERR2514206,0,0,0,0
ERR2514207,0,0,0,0
ERR2514208,0,0,0,0
ERR2514209,0,0,0,0
ERR2514211,0,0,0,0
ERR2514212,0,0,0,0
ERR2514213,0,0,0,0
ERR2514214,0,0,0,0
ERR2514215,0,0,0,0
ERR2514216,0,0,0,0
ERR2514217,0,0,0,0
ERR2514218,0,0,0,0
ERR2514219,0,0,0,0
ERR2514221,0,0,0,0
ERR2514222,0,0,0,0
ERR2514223,0,0,0,0
ERR2514224,0,0,0,0
ERR2514225,0,0,0,0
ERR2514226,0,0,0,0
ERR2514227,0,0,0,0
ERR2514228,0,0,0,0
ERR2514229,0,0,0,0
ERR2514231,0,0,0,0
ERR2514232,0,0,0,0
ERR2514233,0,0,0,0
ERR2514234,0,0,0,0
ERR2514235,0,0,0,0
ERR2514236,0,0,0,0
ERR2514237,0,0,0,0
ERR2514238,0,0,0,0
ERR2514239,0,0,0,0
ERR2514240,0,1,1,1
ERR2514241,0,0,0,0
ERR2514242,0,0,0,0
ERR2514243,0,0,0,0
ERR2514244,0,0,0,0
ERR2514245,0,0,0,0
ERR2514246,0,0,0,0
ERR2514247,0,0,0,0
ERR2514248,0,0,0,0
ERR2514249,0,0,0,0
ERR2514250,0,0,0,0
ERR2514251,0,0,0,0
ERR2514252,0,0,0,0
ERR2514253,0,0,0,0
ERR2514254,0,0,0,0
ERR2514255,0,0,0,0
ERR2514256,0,0,0,0
ERR2514257,0,0,0,0
ERR2514258,0,0,0,0
ERR2514259,0,0,0,0
ERR2514260,0,0,0,0
ERR2514261,0,0,0,0
ERR2514262,0,0,0,0
ERR2514263,0,0,0,0
ERR2514264,0,0,0,0
ERR2514265,0,0,0,0
ERR2514266,0,0,0,0
ERR2514267,0,1,0,0
ERR2514268,0,0,0,0
ERR2514269,0,0,0,0
ERR2514270,0,0,0,0
ERR2514271,0,0,0,0
ERR2514272,0,0,0,0
ERR2514273,0,0,0,0
ERR2514274,0,0,0,0
ERR2514276,0,0,0,0
ERR2514277,0,0,0,0
ERR2514278,0,0,0,0
ERR2514279,0,0,0,0
ERR2514280,0,0,0,0
ERR2514281,0,0,0,0
ERR2514282,0,0,0,0
ERR2514283,0,0,0,0
ERR2514284,0,0,0,0
ERR2514285,0,0,0,1
ERR2514286,0,0,0,0
ERR2514287,0,0,0,0
ERR2514288,0,0,1,0
ERR2514289,0,0,0,0
ERR2514290,0,0,0,0
ERR2514291,0,0,0,0
ERR2514292,0,0,0,0
ERR2514293,0,0,0,0
ERR2514294,0,0,0,0
ERR2514295,0,0,0,0
ERR2514296,0,0,0,0
ERR2514297,0,0,0,0
ERR2514298,0,0,0,0
ERR2514299,0,0,0,0
ERR2514300,0,0,0,0
ERR2514301,0,0,0,0
ERR2514302,0,0,0,0
ERR2514303,0,0,0,0
ERR2514304,0,0,0,0
ERR2514305,0,0,0,0
ERR2514306,0,0,0,0
ERR2514307,0,0,0,0
ERR2514308,0,0,0,0
ERR2514309,0,0,0,0
ERR2514310,0,0,0,0
ERR2514311,0,0,0,0
ERR2514312,0,0,0,0
ERR2514313,0,0,0,0
ERR2514314,0,0,0,0
ERR2514315,0,0,0,0
ERR2514316,0,0,0,0
ERR2514317,0,0,0,0
ERR2514318,0,0,0,0
ERR2514319,0,0,0,0
ERR2514320,0,0,0,0
ERR2514321,0,0,0,0
ERR2514322,0,0,0,0
ERR2514323,0,0,0,0
ERR2514324,0,0,0,0
ERR2514325,0,0,0,0
ERR2514326,0,0,0,0
ERR2514327,0,0,0,0
ERR2514328,0,0,0,0
ERR2514329,0,0,0,0
ERR2514331,0,0,0,0
ERR2514332,0,0,0,0
ERR2514333,0,0,0,0
ERR2514334,0,0,0,0
ERR2514335,0,0,0,0
ERR2514336,0,0,0,0
ERR2514337,0,0,0,0
ERR2514338,0,0,0,0
ERR2514339,0,0,0,0
ERR2514340,0,0,0,0
ERR2514341,0,0,0,0
ERR2514342,0,0,0,0
ERR2514343,0,0,0,0
ERR2514344,0,0,0,0
ERR2514345,0,0,0,0
ERR2514346,0,0,0,0
ERR2514347,0,0,0,0
ERR2514348,0,0,0,0
ERR2514349,0,0,0,0
ERR2514351,0,0,0,0
ERR2514352,0,0,0,1
ERR2514353,0,0,0,0
ERR2514355,0,0,0,0
ERR2514356,0,0,0,0
ERR2514357,0,0,0,0
ERR2514358,0,0,0,0
ERR2514359,0,0,0,0
ERR2514360,0,0,0,0
ERR2514361,0,0,0,0
ERR2514363,0,0,0,0
ERR2514364,0,0,0,0
ERR2514365,0,0,0,0
ERR2514366,0,0,0,0
ERR2514367,0,0,0,0
ERR2514368,0,0,0,0
ERR2514369,0,0,0,0
ERR2514370,0,0,0,0
ERR2514371,0,0,0,0
ERR2514372,0,0,0,0
ERR2514373,0,0,0,0
ERR2514374,0,0,0,0
ERR2514375,0,0,0,0
ERR2514376,0,0,0,0
ERR2514377,0,0,0,0
ERR2514378,0,0,0,0
ERR2514380,0,0,0,0
ERR2514381,0,0,0,0
ERR2514382,0,0,0,0
ERR2514383,0,0,0,0
ERR2514384,0,0,0,0
ERR2514385,0,0,0,0
ERR2514386,0,0,0,0
ERR2514387,0,0,0,0
ERR2514389,0,0,0,0
ERR2514391,0,0,0,0
ERR2514392,0,0,0,0
ERR2514393,0,0,0,0
ERR2514394,0,0,0,0
ERR2514396,0,0,0,0
ERR2514397,0,0,0,0
ERR2514399,0,0,0,0
ERR2514400,0,0,0,0
ERR2514401,0,0,0,0
ERR2514402,0,0,0,0
ERR2514403,0,0,0,0
ERR2514404,0,0,0,0
ERR2514405,0,0,0,0
ERR2514406,0,0,0,0
ERR2514407,0,0,0,0
ERR2514408,0,0,0,0
ERR2514409,0,0,0,0
ERR2514410,0,0,0,0
ERR2514411,0,0,0,0
ERR2514412,0,1,0,0
ERR2514413,0,0,0,0
ERR2514414,0,0,0,0
ERR2514415,0,0,0,0
ERR2514416,0,0,0,0
ERR2514417,0,0,0,0
ERR2514418,0,0,0,0
ERR2514419,0,0,0,0
ERR2514420,0,0,0,0
ERR2514421,0,0,0,0
ERR2514422,0,1,1,1
ERR2514423,0,0,0,0
ERR2514424,0,0,1,0
ERR2514425,0,0,0,0
ERR2514426,0,0,0,0
ERR2514427,0,0,0,0
ERR2514428,0,0,0,0
ERR2514429,0,0,0,0
ERR2514430,0,0,0,0
ERR2514431,0,0,0,0
ERR2514432,0,0,0,0
ERR2514433,0,0,0,0
ERR2514434,0,0,0,0
ERR2514435,0,0,0,0
ERR2514436,0,0,0,0
ERR2514437,0,0,0,0
ERR2514438,0,0,0,0
ERR2514439,0,0,0,0
ERR2514440,0,0,0,0
ERR2514441,0,0,0,0
ERR2514442,0,0,0,0
ERR2514443,0,0,0,0
ERR2514444,0,0,0,0
ERR2514445,0,0,0,0
ERR2514446,0,0,0,0
ERR2514447,0,0,0,0
ERR2514448,0,0,0,0
ERR2514449,0,0,0,0
ERR2514450,0,0,0,0
ERR2514452,0,0,0,0
ERR2514453,0,0,0,0
ERR2514454,0,0,0,0
ERR2514455,0,0,0,0
ERR2514456,0,0,0,0
ERR2514457,0,0,0,0
ERR2514458,0,0,0,0
ERR2514459,0,0,0,0
ERR2514460,0,0,0,0
ERR2514461,0,0,0,0
ERR2514462,0,0,0,0
ERR2514463,0,0,0,0
ERR2514464,0,0,0,0
ERR2514465,0,0,0,0
ERR2514466,0,0,0,0
ERR2514467,0,0,0,0
ERR2514468,0,0,0,0
ERR2514470,0,0,0,0
ERR2514471,0,0,0,0
ERR2514472,0,0,0,0
ERR2514473,0,0,0,0
ERR2514474,0,0,0,0
ERR2514475,0,0,0,0
ERR2514476,0,0,0,0
ERR2514477,0,0,0,0
ERR2514478,0,0,0,0
ERR2514479,0,0,0,0
ERR2514480,0,0,0,0
ERR2514481,0,0,0,0
ERR2514482,0,0,0,0
ERR2514483,0,0,0,1
ERR2514484,0,0,0,0
ERR2514485,0,0,0,0
ERR2514486,0,0,0,0
ERR2514487,0,1,1,1
ERR2514489,0,0,0,0
ERR2514490,0,0,0,0
ERR2514491,0,0,0,0
ERR2514492,0,0,0,0
ERR2514493,0,0,0,0
ERR2514494,0,0,0,0
ERR2514495,0,0,0,0
ERR2514496,0,0,0,0
ERR2514497,0,0,0,0
ERR2514498,0,0,0,0
ERR2514499,0,0,0,0
ERR2514500,0,0,0,0
ERR2514501,0,0,0,0
ERR2514502,0,0,0,0
ERR2514503,0,1,1,0
ERR2514504,0,0,0,0
ERR2514505,0,0,0,0
ERR2514506,0,0,0,0
ERR2514507,0,0,0,0
ERR2514508,0,0,0,0
ERR2514509,0,0,0,0
ERR2514510,0,0,0,0
ERR2514511,0,0,0,0
ERR2514512,0,0,0,0
ERR2514513,0,0,0,0
ERR2514515,0,0,0,0
ERR2514516,0,0,0,0
ERR2514517,0,0,0,0
ERR2514518,0,0,0,0
ERR2514519,0,0,0,0
ERR2514520,0,0,0,0
ERR2514521,0,0,0,0
ERR2514523,0,0,0,0
ERR2514524,0,0,0,0
ERR2514525,0,0,0,0
ERR2514526,0,0,0,0
ERR2514527,0,0,0,0
ERR2514528,0,0,0,0
ERR2514529,0,0,0,0
ERR2514530,0,0,0,0
ERR2514531,0,0,0,0
ERR2514532,0,0,0,0
ERR2514533,0,0,0,0
ERR2514534,0,0,0,0
ERR2514536,0,0,0,0
ERR2514537,0,0,0,0
ERR2514538,0,0,0,0
ERR2514539,0,0,0,0
ERR2514540,0,0,0,0
ERR2514541,0,0,0,0
ERR2514542,0,0,0,0
ERR2514543,0,0,0,0
ERR2514544,0,0,0,0
ERR2514545,0,0,0,1
ERR2514546,0,0,0,0
ERR2514547,0,0,0,0
ERR2514549,0,0,0,0
ERR2514550,0,1,0,0
ERR2514551,0,0,0,0
ERR2514552,0,0,0,0
ERR2514553,0,0,0,0
ERR2514554,0,0,0,0
ERR2514555,0,0,0,0
ERR2514556,0,0,0,0
ERR2514558,0,0,0,0
ERR2514560,0,0,0,0
ERR2514561,0,0,0,0
ERR2514562,0,0,0,0
ERR2514563,0,0,0,0
ERR2514564,0,0,0,0
ERR2514565,0,0,0,0
ERR2514566,0,0,0,0
ERR2514567,0,0,0,0
ERR2514568,0,0,0,0
ERR2514569,0,0,0,0
ERR2514570,0,0,0,0
ERR2514571,0,0,0,0
ERR2514572,0,0,0,0
ERR2514573,0,0,0,0
ERR2514574,0,0,0,0
ERR2514575,0,0,0,0
ERR2514576,0,0,0,0
ERR2514577,0,0,0,0
ERR2514578,0,0,0,0
ERR2514579,0,0,0,0
ERR2514580,0,0,0,0
ERR2514581,0,0,0,0
ERR2514582,0,0,0,0
ERR2514583,0,0,0,1
ERR2514584,0,0,0,0
ERR2514585,0,0,0,0
ERR2514586,0,0,0,0
ERR2514587,0,0,0,0
ERR2514588,0,0,0,0
ERR2514589,0,0,0,0
ERR2514590,0,0,0,0
ERR2514592,0,0,0,0
ERR2514593,0,0,0,0
ERR2514594,0,0,0,0
ERR2514595,0,0,0,0
ERR2514596,0,0,0,0
ERR2514597,0,0,0,0
ERR2514598,0,0,0,0
ERR2514600,0,0,0,0
ERR2514601,0,0,0,0
ERR2514602,0,0,0,0
ERR2514603,0,0,0,0
ERR2514604,0,0,0,0
ERR2514605,0,0,0,0
ERR2514606,0,0,0,0
ERR2514607,0,0,0,0
ERR2514608,0,0,0,0
ERR2514609,0,0,0,0
ERR2514610,0,0,0,0
ERR2514611,0,0,0,0
ERR2514612,0,0,0,0
ERR2514613,0,0,0,0
ERR2514614,0,0,0,0
ERR2514615,0,0,0,0
ERR2514616,0,0,0,0
ERR2514617,0,0,0,0
ERR2514618,0,0,0,0
ERR2514619,0,0,0,0
ERR2514620,0,0,0,0
ERR2514621,0,0,0,0
ERR2514622,0,0,0,0
ERR2514624,0,0,0,0
ERR2514625,0,0,0,0
ERR2514626,0,0,0,0
ERR2514627,0,0,0,0
ERR2514628,0,0,0,0
ERR2514629,0,0,0,0
ERR2514630,0,0,0,0
ERR2514631,0,0,0,0
ERR2514632,0,0,0,0
ERR2514633,0,1,1,1
ERR2514634,0,0,0,0
ERR2514635,0,0,0,0
ERR2514636,0,0,0,0
ERR2514637,0,0,0,0
ERR2514638,0,0,0,0
ERR2514639,0,0,0,0
ERR2514640,0,0,0,0
ERR2514641,0,0,0,0
ERR2514642,0,0,0,0
ERR2514643,0,0,0,0
ERR2514644,0,0,0,0
ERR2514645,0,0,0,0
ERR2514647,0,0,0,0
ERR2514648,0,0,0,0
ERR2514649,0,0,0,0
ERR2514650,0,0,0,0
ERR2514651,0,0,0,0
ERR2514652,0,0,0,0
ERR2514653,0,0,0,0
ERR2514654,0,0,0,0
ERR2514655,0,0,0,0
ERR2514656,0,0,0,0
ERR2514657,0,0,0,0
ERR2514658,0,0,0,0
ERR2514659,0,0,0,0
ERR2514660,0,0,0,0
ERR2514661,0,0,0,0
ERR2514662,0,0,0,0
ERR2514663,0,0,0,0
ERR2514664,0,0,0,0
ERR2514665,0,0,0,0
ERR2514666,0,0,0,1
ERR2514667,0,0,0,0
ERR2514668,0,0,0,0
ERR2514669,0,0,0,0
ERR2514670,0,0,0,0
ERR2514671,0,0,0,0
ERR2514674,0,0,0,0
ERR2514675,0,0,0,0
ERR2514676,0,0,0,0
ERR2514677,0,0,0,0
ERR2514678,0,0,0,0
ERR2514679,0,0,0,0
ERR2514680,0,0,0,0
ERR2514681,0,0,0,0
ERR2514682,0,0,0,0
ERR2514683,0,0,0,0
ERR2514684,0,0,0,0
ERR2514685,0,0,0,0
ERR2514686,0,0,0,0
ERR2514687,0,0,0,0
ERR2514690,0,0,0,0
ERR2514691,0,0,0,0
ERR2514693,0,0,0,0
ERR2514694,0,0,0,0
ERR2514696,0,0,0,0
ERR2514697,0,0,0,0
ERR2514698,0,0,0,0
ERR2514699,0,0,0,0
ERR2514700,0,0,0,0
ERR2514701,0,0,0,0
ERR2514702,0,0,0,0
ERR2514703,0,0,0,0
ERR2514704,0,0,0,0
ERR2514705,0,0,0,0
ERR2514706,0,0,0,0
ERR2514707,0,0,0,0
ERR2514709,0,0,0,0
ERR2514710,0,0,0,0
ERR2514711,0,0,0,0
ERR2514712,0,0,0,0
ERR2514713,0,0,0,0
ERR2514714,0,0,0,0
ERR2514715,0,0,0,0
ERR2514716,0,0,0,0
ERR2514717,0,0,0,0
ERR2514718,0,0,0,0
ERR2514719,0,0,0,0
ERR2514720,0,0,0,0
ERR2514721,0,0,0,0
ERR2514722,0,0,0,0
ERR2514723,0,0,0,0
ERR2514724,0,0,0,0
ERR2514725,0,0,0,0
ERR2514726,0,0,0,0
ERR2514727,0,0,0,0
ERR2514728,0,0,0,0
ERR2514729,0,0,0,0
ERR2514730,0,0,0,0
ERR2514731,0,0,0,0
ERR2514732,0,0,0,0
ERR2514734,0,0,0,0
ERR2514736,0,0,0,0
ERR2514737,0,0,0,0
ERR2514738,0,0,0,0
ERR2514739,0,0,0,0
ERR2514741,0,0,0,0
ERR2514742,0,0,0,0
ERR2514743,0,0,0,0
ERR2514744,0,0,0,0
ERR2514745,0,0,0,0
ERR2514746,0,0,0,0
ERR2514747,0,0,0,0
ERR2514748,0,0,0,0
ERR2514749,0,0,0,0
ERR2514750,0,0,0,0
ERR2514751,0,0,0,0
ERR2514752,0,0,0,0
ERR2514753,0,0,0,0
ERR2514754,0,0,0,0
ERR2514755,0,0,0,0
ERR2514756,0,0,0,0
ERR2514757,0,1,0,0
ERR2514758,0,0,0,0
ERR2514759,0,0,0,0
ERR2514760,0,1,1,0
ERR2514761,0,0,0,0
ERR2514762,0,0,0,0
ERR2514763,0,0,0,0
ERR2514764,0,0,0,0
ERR2514765,0,0,0,0
ERR2514766,0,0,0,0
ERR2514768,0,0,0,0
ERR2514769,0,0,0,0
ERR2514770,0,0,0,0
ERR2514771,0,0,0,0
ERR2514772,0,0,0,0
ERR2514773,0,0,0,0
ERR2514774,0,0,0,0
ERR2514775,0,0,0,0
ERR2514776,0,0,0,0
ERR2514777,0,0,0,0
ERR2514778,0,0,0,0
ERR2514780,0,0,0,0
ERR2514781,0,0,0,0
ERR2514782,0,0,0,0
ERR2514783,0,0,0,0
ERR2514784,0,0,0,0
ERR2514785,0,0,0,0
ERR2514786,0,0,0,0
ERR2514787,0,0,0,0
ERR2514788,0,0,0,0
ERR2514789,0,0,0,0
ERR2514790,0,0,0,0
ERR2514791,0,0,0,0
ERR2514792,0,0,0,0
ERR2514793,0,0,0,0
ERR2514794,0,0,0,0
ERR2514795,0,0,0,0
ERR2514796,0,0,0,0
ERR2514797,0,0,0,0
ERR2514798,0,0,0,0
ERR2514799,0,0,0,0
ERR2514800,0,0,0,0
ERR2514801,0,0,0,0
ERR2514802,0,0,0,0
ERR2514803,0,0,0,0
ERR2514804,0,0,0,0
ERR2514805,0,0,0,0
ERR2514807,0,0,0,0
ERR2514808,0,0,0,0
ERR2514809,0,0,0,0
ERR2514810,0,0,0,0
ERR2514811,0,0,0,0
ERR2514812,0,0,0,0
ERR2514813,0,0,0,0
ERR2514814,0,0,0,0
ERR2514816,0,0,0,0
ERR2514817,0,0,0,0
ERR2514818,0,0,0,0
ERR2514819,0,0,0,0
ERR2514820,0,0,0,0
ERR2514821,0,0,0,0
ERR2514823,0,0,0,0
ERR2514824,0,0,0,0
ERR2514825,0,0,0,0
ERR2514826,0,0,0,0
ERR2514827,0,0,0,0
ERR2514828,0,0,0,0
ERR2514829,0,0,0,0
ERR2514830,0,0,0,0
ERR2514831,0,0,0,0
ERR2514832,0,0,0,1
ERR2514833,0,0,0,0
ERR2514834,0,0,0,0
ERR2514835,0,0,0,0
ERR2514836,0,0,0,0
ERR2514837,0,0,0,1
ERR2514838,0,0,0,0
ERR2514839,0,0,0,0
ERR2514840,0,0,0,0
ERR2514841,0,0,0,0
ERR2514842,0,0,0,0
ERR2514843,0,0,0,0
ERR2514844,0,0,0,0
ERR2514845,0,0,0,0
ERR2514846,0,0,0,0
ERR2514847,0,0,0,0
ERR2514848,0,0,0,0
ERR2514849,0,0,0,0
ERR2514850,0,0,0,0
ERR2514851,0,0,0,0
ERR2514852,0,0,0,0
ERR2514853,0,0,0,0
ERR2514854,0,0,0,0
ERR2514855,0,0,0,0
ERR2514856,0,0,0,0
ERR2514857,0,0,0,0
ERR2514858,0,0,0,0
ERR2514860,0,0,0,0
ERR2514861,0,0,0,0
ERR2514862,0,0,0,0
ERR2514863,0,0,0,0
ERR2514865,0,0,0,0
ERR2514866,0,0,0,0
ERR2514868,0,0,0,0
ERR2514869,0,0,0,0
ERR2514870,0,0,0,0
ERR2514871,0,0,0,0
ERR2514872,0,0,0,0
ERR2514873,0,0,0,0
ERR2514874,0,0,0,0
ERR2514875,0,0,0,0
ERR2514876,0,0,0,0
ERR2514878,0,0,0,0
ERR2514879,0,0,0,0
ERR2514880,0,0,0,0
ERR2514881,0,0,0,0
ERR2514882,0,0,0,0
ERR2514883,0,0,0,0
ERR2514884,0,0,0,0
ERR2514885,0,0,0,0
ERR2514886,0,0,0,0
ERR2514887,0,1,1,1
ERR2514888,0,0,0,0
ERR2514889,0,0,0,0
ERR2514890,0,0,0,0
ERR2514891,0,0,0,0
ERR2514892,0,0,0,0
ERR2514893,0,0,0,0
ERR2514894,0,0,0,0
ERR2514895,0,0,0,0
ERR2514896,0,0,0,0
ERR2514897,0,0,0,0
ERR2514898,0,0,0,0
ERR2514899,0,0,0,0
ERR2514900,0,0,0,0
ERR2514901,0,0,0,0
ERR2514902,0,0,0,0
ERR2514903,0,0,0,0
ERR2514904,0,0,0,0
ERR2514905,0,0,0,0
ERR2514906,0,0,0,0
ERR2514907,0,0,0,0
ERR2514908,0,0,0,0
ERR2514909,0,0,0,0
ERR2514910,0,0,0,0
ERR2514911,0,0,0,0
ERR2514912,0,0,0,0
ERR2514913,0,0,0,0
ERR2514914,0,0,0,0
ERR2514915,0,0,0,0
ERR2514916,0,0,0,0
ERR2514917,0,0,0,0
ERR2514918,0,0,0,0
ERR2514919,0,0,0,0
ERR2514920,0,0,0,0
ERR2514921,0,0,0,0
ERR2514922,0,0,0,0
ERR2514923,0,0,0,0
ERR2514924,0,0,0,0
ERR2514925,0,0,0,0
ERR2514926,0,0,0,0
ERR2514927,0,0,0,0
ERR2514928,0,0,0,0
ERR2514929,0,0,0,0
ERR2514930,0,0,0,0
ERR2514931,0,0,0,0
ERR2514932,0,0,0,0
ERR2514933,0,0,0,0
ERR2514934,0,0,0,0
ERR2514935,0,0,0,0
ERR2514936,0,0,0,0
ERR2514937,0,0,0,0
ERR2514938,0,0,0,0
ERR2514939,0,0,0,0
ERR2514940,0,0,0,0
ERR2514941,0,0,0,0
ERR2514942,0,0,0,0
ERR2514943,0,0,0,0
ERR2514944,0,0,0,0
ERR2514945,0,0,0,0
ERR2514946,0,0,0,0
ERR2514947,0,0,0,0
ERR2514948,0,0,0,1
ERR2514949,0,0,0,0
ERR2514950,0,0,0,0
ERR2514951,0,0,0,0
ERR2514953,0,0,0,0
ERR2514954,0,0,0,0
ERR2514955,0,0,0,1
ERR2514956,0,0,0,0
ERR2514957,0,0,0,0
ERR2514958,0,0,0,0
ERR2514959,0,0,0,0
ERR2514960,0,0,0,0
ERR2514961,0,0,0,0
ERR2514963,0,0,0,0
ERR2514964,0,0,0,0
ERR2514965,0,0,0,0
ERR2514966,0,0,0,0
ERR2514967,0,0,0,0
ERR2514968,0,0,0,0
ERR2514969,0,0,0,0
ERR2514970,0,0,0,0
ERR2514971,0,0,0,0
ERR2514972,0,0,0,0
ERR2514973,0,0,0,0
ERR2514974,0,0,0,0
ERR2514975,0,0,0,0
ERR2514976,0,0,0,0
ERR2514977,0,0,0,0
ERR2514978,0,0,0,0
ERR2514980,0,0,0,0
ERR2514982,0,0,0,1
ERR2514983,0,0,0,0
ERR2514984,0,0,0,0
ERR2514985,0,0,0,0
ERR2514986,0,0,0,0
ERR2514987,0,0,0,0
ERR2514989,0,0,0,0
ERR2514990,0,0,0,0
ERR2514991,0,0,0,0
ERR2514992,0,0,0,0
ERR2514993,0,0,0,0
ERR2514994,0,0,1,0
ERR2514995,0,0,0,0
ERR2514997,0,0,0,0
ERR2514998,0,0,0,0
ERR2514999,0,0,0,0
ERR2515000,0,0,0,0
ERR2515001,0,0,0,0
ERR2515002,0,0,0,0
ERR2515003,0,0,0,0
ERR2515004,0,0,0,0
ERR2515005,0,0,0,0
ERR2515006,0,0,0,0
ERR2515007,0,0,0,0
ERR2515008,0,0,0,0
ERR2515009,0,0,0,0
ERR2515010,0,0,0,0
ERR2515011,0,0,0,0
ERR2515012,0,0,0,0
ERR2515013,0,0,0,0
ERR2515015,0,0,0,0
ERR2515016,0,0,0,1
ERR2515017,0,0,0,0
ERR2515018,0,0,0,0
ERR2515019,0,0,0,0
ERR2515020,0,0,0,0
ERR2515021,0,0,0,0
ERR2515022,0,0,0,0
ERR2515023,0,0,0,0
ERR2515024,0,0,0,0
ERR2515025,0,0,0,0
ERR2515026,0,0,0,0
ERR2515027,0,0,0,0
ERR2515028,0,0,0,0
ERR2515029,0,0,0,0
ERR2515030,0,0,0,0
ERR2515031,0,0,0,0
ERR2515032,0,0,0,0
ERR2515033,0,0,0,0
ERR2515034,0,0,0,0
ERR2515036,0,0,0,1
ERR2515037,0,0,0,0
ERR2515038,0,0,0,0
ERR2515039,0,0,0,0
ERR2515040,0,1,0,0
ERR2515041,0,0,0,0
ERR2515042,0,1,1,1
ERR2515043,0,0,0,0
ERR2515044,0,0,0,0
ERR2515045,0,0,0,0
ERR2515046,0,0,0,0
ERR2515047,0,0,0,0
ERR2515048,0,0,0,0
ERR2515049,0,0,0,0
ERR2515050,0,0,0,0
ERR2515051,0,0,0,0
ERR2515052,0,0,0,0
ERR2515053,0,0,0,0
ERR2515054,0,0,0,0
ERR2515055,0,0,0,0
ERR2515056,0,0,0,0
ERR2515057,0,0,0,0
ERR2515058,0,0,0,0
ERR2515059,0,0,0,0
ERR2515060,0,0,0,0
ERR2515061,0,0,0,0
ERR2515062,0,0,0,0
ERR2515063,0,0,0,0
ERR2515065,0,0,0,0
ERR2515066,0,0,0,0
ERR2515067,0,0,0,0
ERR2515068,0,0,0,0
ERR2515069,0,0,0,0
ERR2515070,0,0,0,0
ERR2515071,0,0,0,0
ERR2515072,0,0,0,0
ERR2515073,0,0,0,0
ERR2515074,0,0,0,0
ERR2515075,0,0,0,0
ERR2515076,0,0,0,0
ERR2515077,0,0,0,0
ERR2515078,0,0,0,0
ERR2515079,0,0,0,0
ERR2515080,0,0,0,0
ERR2515081,0,0,0,0
ERR2515082,0,0,0,0
ERR2515083,0,0,0,0
ERR2515084,0,0,0,0
ERR2515085,0,0,0,0
ERR2515086,0,0,0,0
ERR2515088,0,0,0,0
ERR2515089,0,0,0,0
ERR2515090,0,0,0,0
ERR2515092,0,0,0,0
ERR2515093,0,0,0,0
ERR2515094,0,0,0,0
ERR2515095,0,0,0,0
ERR2515096,0,0,0,0
ERR2515097,0,0,0,0
ERR2515098,0,0,0,0
ERR2515099,0,0,0,0
ERR2515100,0,0,0,0
ERR2515101,0,0,0,0
ERR2515102,0,0,0,0
ERR2515105,0,0,0,0
ERR2515106,0,0,0,0
ERR2515107,0,1,0,0
ERR2515108,0,0,0,0
ERR2515109,0,1,1,0
ERR2515110,0,0,0,0
ERR2515111,0,0,0,0
ERR2515112,0,1,1,1
ERR2515113,0,0,0,0
ERR2515114,0,0,0,0
ERR2515116,0,0,0,0
ERR2515117,0,0,0,0
ERR2515118,0,0,0,0
ERR2515119,0,1,0,0
ERR2515120,0,0,0,0
ERR2515121,0,1,0,0
ERR2515122,0,0,0,0
ERR2515123,0,1,0,0
ERR2515124,0,0,0,0
ERR2515125,0,0,0,0
ERR2515126,0,1,0,0
ERR2515127,0,0,0,0
ERR2515128,0,0,0,0
ERR2515129,0,0,0,0
ERR2515131,0,1,1,1
ERR2515132,0,0,0,0
ERR2515134,0,0,0,0
ERR2515136,0,0,0,0
ERR2515137,0,0,0,0
ERR2515138,0,0,0,0
ERR2515139,0,0,0,0
ERR2515140,0,0,0,0
ERR2515141,0,0,0,0
ERR2515143,0,1,0,0
ERR2515145,0,0,0,0
ERR2515146,0,0,0,0
ERR2515148,0,0,0,0
ERR2515149,0,0,0,0
ERR2515150,0,0,0,0
ERR2515151,0,0,0,0
ERR2515154,0,0,0,0
ERR2515155,0,1,0,0
ERR2515156,0,0,0,0
ERR2515157,0,0,0,0
ERR2515158,0,0,0,0
ERR2515160,0,0,0,1
ERR2515161,0,0,0,0
ERR2515162,0,0,0,0
ERR2515163,0,1,1,1
ERR2515164,0,0,0,0
ERR2515166,0,1,0,0
ERR2515167,0,0,0,0
ERR2515168,0,0,0,0
ERR2515169,0,0,0,0
ERR2515170,0,0,0,0
ERR2515171,0,0,0,0
ERR2515172,0,0,0,0
ERR2515174,0,0,0,0
ERR2515176,0,0,0,0
ERR2515177,0,0,0,0
ERR2515178,0,1,0,0
ERR2515179,0,0,0,0
ERR2515180,0,0,0,0
ERR2515181,0,0,0,0
ERR2515182,0,1,1,1
ERR2515183,0,0,0,0
ERR2515184,0,0,0,0
ERR2515185,0,0,0,1
ERR2515186,0,0,0,0
ERR2515187,0,0,0,0
ERR2515188,0,0,0,0
ERR2515189,0,1,0,0
ERR2515190,0,0,0,0
ERR2515192,0,0,0,0
ERR2515193,0,0,0,0
ERR2515194,0,0,0,0
ERR2515195,0,1,0,0
ERR2515196,0,0,0,0
ERR2515197,0,0,0,0
ERR2515198,0,0,0,0
ERR2515200,0,0,0,0
ERR2515201,0,0,0,0
ERR2515203,0,0,0,0
ERR2515204,0,0,0,0
ERR2515206,0,0,0,0
ERR2515207,0,0,0,0
ERR2515208,0,0,0,0
ERR2515209,0,1,0,0
ERR2515211,0,0,0,0
ERR2515212,0,0,0,0
ERR2515214,0,0,0,0
ERR2515215,0,0,0,0
ERR2515216,0,0,0,0
ERR2515217,0,0,0,0
ERR2515218,0,1,0,0
ERR2515219,0,0,0,0
ERR2515220,0,0,0,0
ERR2515221,0,1,0,0
ERR2515222,0,0,0,0
ERR2515224,0,1,0,0
ERR2515225,0,1,0,0
ERR2515226,0,0,0,0
ERR2515228,0,1,1,1
ERR2515229,0,0,0,0
ERR2515230,0,0,0,0
ERR2515231,0,1,0,0
ERR2515232,0,0,0,0
ERR2515233,0,0,0,0
ERR2515234,0,0,0,0
ERR2515235,0,0,0,0
ERR2515236,0,0,0,0
ERR2515237,0,0,0,0
ERR2515239,0,0,0,0
ERR2515240,0,0,0,0
ERR2515241,0,0,0,0
ERR2515242,0,1,1,0
ERR2515243,0,0,0,0
ERR2515244,0,0,0,0
ERR2515245,0,1,1,0
ERR2515247,0,1,1,1
ERR2515249,0,1,1,1
ERR2515251,0,0,0,0
ERR2515252,0,1,1,1
ERR2515255,0,1,0,0
ERR2515258,0,1,0,0
ERR2515261,0,0,0,1
ERR2515262,0,1,1,0
ERR2515264,0,1,1,1
ERR2515265,0,1,1,1
ERR2515266,0,1,0,0
ERR2515267,0,1,0,0
ERR2515277,0,1,0,0
ERR2515283,0,1,0,0
ERR2515293,0,1,1,1
ERR2515304,0,1,1,0
ERR2515310,0,1,1,1
ERR2515323,0,1,0,0
ERR2515329,0,1,0,0
ERR2515342,0,1,1,1
ERR2515346,0,1,1,0
ERR2515347,0,1,0,0
ERR2515348,0,1,1,0
ERR2515350,0,1,0,0
ERR2515353,0,1,1,0
ERR2515362,0,1,0,0
ERR2515369,0,1,0,0
ERR2515370,0,0,1,0
ERR2515376,0,1,1,0
ERR2515382,0,1,0,0
ERR2515384,0,1,0,0
ERR2515387,0,1,0,0
ERR2515389,0,1,0,0
ERR2515390,0,1,1,1
ERR2515396,0,1,0,0
ERR2515410,0,1,1,1
ERR2515417,0,1,0,0
ERR2515426,0,0,1,0
ERR2515436,0,1,1,0
ERR2515438,0,1,0,0
ERR2515441,0,1,0,0
ERR2515442,0,1,0,0
ERR2515448,0,1,0,0
ERR2515455,0,0,0,1
ERR2515461,0,0,0,1
ERR2515463,0,1,0,0
ERR2515465,0,1,1,1
ERR2515466,0,1,1,1
ERR2515474,0,1,1,1
ERR2515482,0,1,0,0
ERR2515486,0,1,1,1
ERR2515487,0,0,1,0
ERR2515488,0,1,1,1
ERR2515498,0,1,0,0
ERR2515518,0,1,0,0
ERR2515523,0,1,0,0
ERR2515530,0,1,0,0
ERR2515532,0,1,0,0
ERR2515539,0,1,0,0
ERR2515542,0,1,1,1
ERR2515554,0,1,1,1
ERR2515559,0,1,0,0
ERR2515565,0,1,0,0
ERR2515567,0,1,1,1
ERR2515571,0,1,0,0
ERR2515573,0,1,1,0
ERR2515576,0,1,0,0
ERR2515577,0,1,1,1
ERR2515585,0,1,0,0
ERR2515603,0,1,0,0
ERR2515611,0,1,0,0
ERR2515614,0,1,1,1
ERR2515622,0,1,1,1
ERR2515623,0,1,0,0
ERR2515628,0,1,0,0
ERR2515633,0,1,0,0
ERR2515634,0,1,0,0
ERR2515637,0,1,0,0
ERR2515643,0,1,1,1
ERR2515645,0,1,0,0
ERR2515648,0,1,1,0
ERR2515661,0,1,0,0
ERR2515662,0,0,0,1
ERR2515663,0,1,0,0
ERR2515666,0,1,0,0
ERR2515670,0,1,0,0
ERR2515674,0,1,0,0
ERR2515677,0,1,0,0
ERR2515682,0,1,1,1
ERR2515684,0,1,1,1
ERR2515686,0,1,0,0
ERR2515687,0,0,0,1
ERR2515691,0,1,0,0
ERR2515697,0,1,0,0
ERR2515701,0,1,0,0
ERR2515711,0,1,0,0
ERR2515720,0,1,0,0
ERR2515724,0,1,1,1
ERR2515727,0,1,0,0
ERR2515731,0,0,0,1
ERR2515735,0,1,1,1
ERR2515737,0,1,0,0
ERR2515738,0,1,0,0
ERR2515740,0,1,1,1
ERR2515745,0,1,0,0
ERR2515748,0,1,0,0
ERR2515749,0,1,1,0
ERR2515751,0,0,0,1
ERR2515758,0,1,1,1
ERR2515774,0,1,0,0
ERR2515777,0,1,1,1
ERR2515781,0,1,0,0
ERR2515798,0,1,1,1
ERR2515801,0,1,0,0
ERR2515851,0,1,0,0
ERR2515856,0,1,0,0
ERR2515857,0,1,0,0
ERR2515859,0,1,0,0
ERR2515868,0,1,0,0
ERR2515874,0,1,0,0
ERR2515881,0,1,0,0
ERR2515882,0,1,0,0
ERR2515890,0,1,0,0
ERR2515907,0,1,0,0
ERR2515915,0,1,0,0
ERR2515917,0,1,1,0
ERR2515933,0,1,1,1
ERR2515934,0,1,1,0
ERR2515936,0,1,1,0
ERR2515937,0,1,0,0
ERR2515938,0,1,0,0
ERR2515945,0,0,1,0
ERR2515948,0,1,1,1
ERR2515949,0,1,1,0
ERR2515950,0,1,1,0
ERR2515956,0,1,0,0
ERR2515957,0,0,0,1
ERR2515962,0,1,1,0
ERR2515969,0,1,0,0
ERR2515974,0,0,0,1
ERR2515978,0,1,1,0
ERR2515982,0,1,1,1
ERR2515983,0,1,0,0
ERR2515995,0,1,1,1
ERR2515997,0,1,1,1
ERR2516001,0,1,0,0
ERR2516003,0,1,0,0
ERR2516004,0,1,0,0
ERR2516006,0,1,0,0
ERR2516007,0,1,0,0
ERR2516010,0,1,0,0
ERR2516020,0,1,0,0
ERR2516024,0,1,1,0
ERR2516025,0,1,1,1
ERR2516026,0,0,0,1
ERR2516027,0,0,0,1
ERR2516029,0,1,0,0
ERR2516031,0,1,1,1
ERR2516034,0,1,0,0
ERR2516047,0,1,1,1
ERR2516050,0,0,0,1
ERR2516057,0,1,1,1
ERR2516060,0,1,0,0
ERR2516067,0,1,1,0
ERR2516069,0,1,1,1
ERR2516074,0,1,0,0
ERR2516078,0,1,0,0
ERR2516090,0,1,0,0
ERR2516091,0,1,1,1
ERR2516097,0,1,0,0
ERR2516101,0,0,1,0
ERR2516111,0,1,0,0
ERR2516123,0,1,0,0
ERR2516125,0,1,0,0
ERR2516129,0,1,1,0
ERR2516135,0,0,0,1
ERR2516136,0,1,1,1
ERR2516138,0,1,1,1
ERR2516143,0,1,0,0
ERR2516151,0,0,1,0
ERR2516152,0,1,0,0
ERR2516160,0,1,0,0
ERR2516161,0,1,1,1
ERR2516166,0,1,1,1
ERR2516167,0,1,1,1
ERR2516177,0,1,1,1
ERR2516178,0,1,0,0
ERR2516181,0,1,1,1
ERR2516182,0,0,0,1
ERR2516183,0,1,1,1
ERR2516186,0,1,1,0
ERR2516188,0,1,1,1
ERR2516189,0,0,0,1
ERR2516191,0,0,0,1
ERR2516192,0,1,0,0
ERR2516196,0,1,1,1
ERR2516198,0,1,1,0
ERR2516199,0,1,1,1
ERR2516203,0,1,0,0
ERR2516206,0,1,1,1
ERR2516207,0,0,0,1
ERR2516208,0,1,1,0
ERR2516209,0,1,1,1
ERR2516213,0,1,1,1
ERR2516215,0,0,0,1
ERR2516217,0,1,1,1
ERR2516219,0,1,0,0
ERR2516226,0,1,1,1
ERR2516230,0,1,1,1
ERR2516239,0,1,1,1
ERR2516245,0,1,1,0
ERR2516255,0,1,1,1
ERR2516256,0,1,1,1
ERR2516257,0,1,1,0
ERR2516261,0,1,1,1
ERR2516262,0,0,0,1
ERR2516264,0,1,1,1
ERR2516266,0,1,1,0
ERR2516270,0,1,1,1
ERR2516271,0,1,1,0
ERR2516273,0,0,0,1
ERR2516274,0,1,0,0
ERR2516281,0,1,1,1
ERR2516285,0,1,1,1
ERR2516286,0,1,1,0
ERR2516288,0,1,1,1
ERR2516291,0,1,1,1
ERR2516295,0,1,0,0
ERR2516301,0,1,0,0
ERR2516302,0,1,1,1
ERR2516303,0,1,0,0
ERR2516307,0,0,0,1
ERR2516308,0,1,1,1
ERR2516311,0,0,0,1
ERR2516325,0,1,0,0
ERR2516327,0,1,1,0
ERR2516329,0,1,1,1
ERR2516330,0,1,1,0
ERR2516333,0,1,1,1
ERR2516335,0,0,0,1
ERR2516336,0,1,1,1
ERR2516339,0,0,0,1
ERR2516340,0,1,1,0
ERR2516343,0,1,1,1
ERR2516349,0,1,1,1
ERR2516351,0,1,0,0
ERR2516352,0,1,1,1
ERR2516356,0,1,0,0
ERR2516357,0,1,0,0
ERR2516364,0,1,1,1
ERR2516367,0,1,1,1
ERR2516373,0,1,1,1
ERR2516375,0,1,1,0
ERR2516376,0,0,0,1
ERR2516377,0,1,0,0
ERR2516382,0,1,1,1
ERR2516387,0,1,1,1
ERR2516389,0,1,0,0
ERR2516391,0,1,1,1
ERR2516392,0,1,0,0
ERR2516394,0,0,0,1
ERR2516396,0,1,1,1
ERR2516398,0,0,0,1
ERR2516399,0,1,1,1
ERR2516400,0,1,1,1
ERR2516403,0,1,1,0
ERR2516404,0,1,1,1
ERR2516405,0,1,1,1
ERR2516408,0,1,1,1
ERR2516409,0,1,1,1
ERR2516410,0,1,0,0
ERR2516411,0,1,1,0
ERR2516412,0,1,1,0
ERR2516413,0,1,1,0
ERR2516414,0,1,1,1
ERR2516417,0,1,1,1
ERR2516418,0,1,1,1
ERR2516419,0,1,0,0
ERR2516421,0,1,0,0
ERR2516422,0,1,1,1
ERR2516423,0,1,0,0
ERR2516424,0,1,1,1
ERR2516425,0,1,1,1
ERR2516426,0,1,0,0
ERR2516427,0,1,1,1
ERR2516429,0,1,1,0
ERR2516431,0,1,1,1
ERR2516434,0,1,1,1
ERR2516437,0,1,0,0
ERR2516440,0,1,1,1
ERR2516441,0,1,1,0
ERR2516442,0,1,1,0
ERR2516443,0,1,1,0
ERR2516445,0,1,0,0
ERR2516447,0,1,1,1
ERR2516448,0,1,0,0
ERR2516449,0,1,1,0
ERR2516451,0,1,1,0
ERR2516455,0,1,1,1
ERR2516457,0,1,1,1
ERR2516458,0,1,1,1
ERR2516459,0,1,1,1
ERR2516460,0,1,1,0
ERR2516461,0,1,0,0
ERR2516462,0,1,1,1
ERR2516463,0,1,1,1
ERR2516467,0,1,0,0
ERR2516468,0,1,1,0
ERR2516473,0,1,1,1
ERR2516474,0,1,1,0
ERR2516475,0,1,0,0
ERR2516476,0,1,1,0
ERR2516478,0,1,1,1
ERR2516479,0,1,1,0
ERR2516480,0,1,1,1
ERR2516482,0,1,1,1
ERR2516484,0,1,0,0
ERR2516485,0,1,1,1
ERR2516488,0,1,0,0
ERR2516489,0,1,0,0
ERR2516490,0,1,1,1
ERR2516491,0,1,1,1
ERR2516492,0,1,1,1
ERR2516493,0,1,1,1
ERR2516495,0,1,1,1
ERR2516496,0,1,1,1
ERR2516498,0,1,0,0
ERR2516499,0,1,1,1
ERR2516500,0,1,1,1
ERR2516501,0,1,1,1
ERR2516503,0,1,1,1
ERR2516504,0,1,1,1
ERR2516505,0,1,0,0
ERR2516506,0,1,1,0
ERR2516508,0,1,1,1
ERR2516509,0,1,1,1
ERR2516511,0,1,1,1
ERR2516513,0,1,1,1
ERR2516514,0,1,1,1
ERR2516519,0,1,0,0
ERR2516522,0,1,1,1
ERR2516523,0,1,1,1
ERR2516524,0,1,1,1
ERR2516525,0,1,1,1
ERR2516526,0,1,1,0
ERR2516527,0,1,1,1
ERR2516528,0,1,1,1
ERR2516529,0,0,1,0
ERR2516531,0,1,1,1
ERR2516532,0,1,1,1
ERR2516533,0,1,1,1
ERR2516534,0,1,1,1
ERR2516535,0,1,0,0
ERR2516536,0,1,1,0
ERR2516537,0,1,1,0
ERR2516538,0,0,0,1
ERR2516539,0,1,1,0
ERR2516541,0,1,1,1
ERR2516542,0,1,0,0
ERR2516543,0,1,1,1
ERR2516544,0,1,1,1
ERR2516545,0,1,1,1
ERR2516546,0,1,1,1
ERR2516547,0,1,1,1
ERR2516548,0,1,1,0
ERR2516549,0,1,1,0
ERR2516551,0,1,0,0
ERR2516552,0,1,0,0
ERR2516556,0,1,0,0
ERR2516557,0,1,1,1
ERR2516558,0,1,1,1
ERR2516560,0,1,1,1
ERR2516561,0,1,0,0
ERR2516562,0,1,1,0
ERR2516566,0,1,0,0
ERR2516567,0,1,0,0
ERR2516570,0,1,1,1
ERR2516572,0,1,1,1
ERR2516573,0,1,1,1
ERR2516574,0,1,0,0
ERR2516577,0,1,0,0
ERR2516578,0,1,1,1
ERR2516583,0,1,1,1
ERR2516584,0,1,1,0
ERR2516586,0,1,0,0
ERR2516589,0,1,0,0
ERR2516590,0,1,1,0
ERR2516593,0,1,1,1
ERR2516594,0,1,0,0
ERR2516595,0,1,1,0
ERR2516596,0,1,1,1
ERR2516597,0,1,1,1
ERR2516598,0,1,1,0
ERR2516599,0,1,1,1
ERR2516601,0,1,0,0
ERR2516602,0,1,0,0
ERR2516603,0,1,0,0
ERR2516604,0,1,0,0
ERR2516607,0,1,1,1
ERR2516608,0,1,1,0
ERR2516609,0,1,0,0
ERR2516610,0,1,1,1
ERR2516614,0,1,1,0
ERR2516615,0,1,1,0
ERR2516616,0,1,1,0
ERR2516619,0,1,1,1
ERR2516622,0,1,0,0
ERR2516623,0,1,1,0
ERR2516624,0,1,1,1
ERR2516625,0,1,1,1
ERR2516627,0,1,1,0
ERR2516628,0,1,1,1
ERR2516629,0,1,0,0
ERR2516630,0,1,1,1
ERR2516631,0,1,1,0
ERR2516632,0,1,1,1
ERR2516634,0,1,0,0
ERR2516636,0,1,1,1
ERR2516642,0,1,0,0
ERR2516643,0,1,0,0
ERR2516645,0,1,1,1
ERR2516646,0,1,1,1
ERR2516647,0,1,1,1
ERR2516648,0,1,1,1
ERR2516650,0,1,1,1
ERR2516653,0,1,1,0
ERR2516655,0,1,0,0
ERR2516657,0,1,1,0
ERR2516658,0,1,1,1
ERR2516660,0,1,1,1
ERR2516661,0,1,0,0
ERR2516662,0,1,1,0
ERR2516664,0,1,1,1
ERR2516665,0,1,1,1
ERR2516666,0,1,1,1
ERR2516667,0,1,1,1
ERR2516668,0,1,1,1
ERR2516669,0,1,1,0
ERR2516670,0,1,0,0
ERR2516672,0,1,0,0
ERR2516673,0,1,1,1
ERR2516674,0,1,0,0
ERR2516675,0,1,1,1
ERR2516676,0,1,1,0
ERR2516678,0,1,1,1
ERR2516680,0,1,0,0
ERR2516682,0,1,1,1
ERR2516685,0,1,1,0
ERR2516686,0,1,1,1
ERR2516689,0,1,1,0
ERR2516692,0,1,0,0
ERR2516693,0,1,1,1
ERR2516694,0,1,1,0
ERR2516695,0,1,0,0
ERR2516696,0,1,1,1
ERR2516698,0,1,1,0
ERR2516699,0,1,1,1
ERR2516700,0,1,0,0
ERR2516702,0,0,1,0
ERR2516703,0,1,1,0
ERR2516704,0,1,1,1
ERR2516705,0,1,1,1
ERR2516706,0,1,1,0
ERR2516708,0,1,1,0
ERR2516709,0,1,1,1
ERR2516710,0,1,1,1
ERR2516711,0,1,0,0
ERR2516714,0,1,1,0
ERR2516715,0,1,1,0
ERR2516716,0,1,1,1
ERR2516718,0,1,0,0
ERR2516721,0,1,1,1
ERR2516722,0,1,1,0
ERR2516723,0,1,1,1
ERR2516724,0,1,1,1
ERR2516727,0,1,1,1
ERR2516728,0,1,1,1
ERR2516729,0,1,1,0
ERR2516730,0,1,1,1
ERR2516732,0,1,1,1
ERR2516734,0,1,1,1
ERR2516735,0,1,0,0
ERR2516738,0,1,1,1
ERR2516740,0,1,0,0
ERR2516742,0,1,1,0
ERR2516745,0,1,0,0
ERR2516746,0,1,0,0
ERR2516748,0,1,1,0
ERR2516750,0,1,0,0
ERR2516753,0,1,0,0
ERR2516754,0,1,0,0
ERR2516757,0,1,1,1
ERR2516758,0,1,0,0
ERR2516767,0,1,1,0
ERR2516774,0,1,1,1
ERR2516779,0,1,1,0
ERR2516781,0,1,1,0
ERR2516782,0,1,0,0
ERR2516784,0,1,1,1
ERR2516786,0,1,0,0
ERR2516787,0,1,1,1
ERR2516788,0,1,1,1
ERR2516789,0,1,0,0
ERR2516792,0,1,1,0
ERR2516793,0,1,1,0
ERR2516795,0,1,1,0
ERR2516798,0,1,1,1
ERR2516799,0,1,1,0
ERR2516801,0,1,1,1
ERR2516804,0,1,0,0
ERR2516805,0,1,1,1
ERR2516808,0,1,0,0
ERR2516809,0,1,1,0
ERR2516811,0,1,1,0
ERR2516812,0,1,1,1
ERR2516814,0,1,0,0
ERR2516818,0,1,0,0
ERR2516819,0,1,1,0
ERR2516820,0,1,0,0
ERR2516821,0,1,1,0
ERR2516822,0,1,1,1
ERR2516823,0,1,0,0
ERR2516824,0,1,1,1
ERR2516825,0,1,1,1
ERR2516829,0,1,1,1
ERR2516832,0,1,0,0
ERR2516834,0,1,0,0
ERR2516841,0,1,1,1
ERR2516843,0,1,1,0
ERR2516844,0,1,1,0
ERR2516846,0,1,1,1
ERR2516854,0,1,1,1
ERR2516855,0,1,0,0
ERR2516856,0,1,1,0
ERR2516859,0,1,0,0
ERR2516868,0,1,1,1
ERR2516870,0,1,1,1
ERR2516872,0,1,1,1
ERR2516875,0,1,1,1
ERR2516878,0,1,0,0
ERR2516879,0,1,1,0
ERR2516884,0,1,1,0
ERR2516886,0,1,1,0
ERR2516888,0,1,1,0
ERR2516891,0,1,1,1
ERR2516896,0,1,0,0
ERR2516900,0,1,1,0
ERR2516903,0,1,0,0
ERR2516904,0,1,0,0
ERR2516909,0,1,0,0
ERR2516912,0,1,0,0
ERR2516913,0,1,0,0
ERR2516916,0,1,1,0
ERR2516918,0,1,0,0
ERR2516923,0,1,0,0
ERR2516924,0,1,1,0
ERR2516925,0,1,0,0
ERR2516928,0,1,0,0
ERR2516933,0,1,0,0
ERR2516937,0,1,0,0
ERR2516941,0,1,0,0
ERR2516943,0,1,1,0
ERR2516944,0,1,0,0
ERR2516948,0,1,0,0
ERR2516950,0,1,1,0
ERR2516953,0,1,0,0
ERR2516962,0,1,0,0
ERR2516963,0,1,1,0
ERR2516964,0,1,1,0
ERR2516970,0,1,1,0
ERR2516972,0,1,0,0
ERR2516975,0,1,1,0
ERR2516976,0,1,0,0
ERR2516980,0,1,1,0
ERR2516981,0,1,1,0
ERR2516987,0,1,0,0
ERR2516988,0,1,0,0
ERR2516991,0,1,1,0
ERR2517004,0,1,1,0
ERR2517007,0,1,0,0
ERR2517012,0,1,1,0
ERR2517021,0,1,0,0
ERR2517023,0,1,1,0
ERR2517025,0,1,0,0
ERR2517026,0,1,0,0
ERR2517027,0,1,0,0
ERR2517028,0,1,0,0
ERR2517029,0,1,0,0
ERR2517031,0,1,1,0
ERR2517034,0,1,0,0
ERR2517035,0,1,0,0
ERR2517036,0,1,0,0
ERR2517037,0,1,0,0
ERR2517039,0,1,0,0
ERR2517042,0,1,0,0
ERR2517043,0,1,0,0
ERR2517059,0,1,1,0
ERR2517060,0,1,0,0
ERR2517066,0,1,1,0
ERR2517068,0,1,0,0
ERR2517070,0,1,1,0
ERR2517078,0,1,0,0
ERR2517079,0,1,0,0
ERR2517082,0,1,1,0
ERR2517085,0,1,0,0
ERR2517088,0,1,0,0
ERR2517089,0,1,1,0
ERR2517090,0,1,1,0
ERR2517091,0,1,0,0
ERR2517094,0,1,0,0
ERR2517103,0,1,0,0
ERR2517104,0,1,0,0
ERR2517107,0,1,1,0
ERR2517110,0,1,0,0
ERR2517111,0,1,0,0
ERR2517115,0,1,0,0
ERR2517120,0,1,0,0
ERR2517121,0,1,0,0
ERR2517124,0,1,0,0
ERR2517151,0,0,0,1
ERR2517166,0,0,0,1
ERR2517179,0,0,0,1
ERR2517195,0,0,0,1
ERR2517227,0,0,0,1
ERR2517233,0,0,0,1
ERR2517239,0,0,0,1
ERR2517259,0,1,0,0
ERR2517260,0,1,0,0
ERR2517276,0,0,0,1
ERR2517304,0,0,0,1
ERR2517342,0,1,0,0
ERR2517349,0,0,0,1
ERR2517357,0,0,0,1
ERR2517368,0,0,0,1
ERR2517379,0,1,0,0
ERR2517408,0,0,0,1
ERR2517425,0,0,0,1
ERR2517443,0,0,0,1
ERR2517495,0,0,0,1
ERR2517518,0,0,0,1
ERR2517523,0,0,0,1
ERR2517616,0,0,0,1
ERR2517617,0,0,0,1
SAMN05276311,0,1,1,0
SAMN05276356,0,1,1,0
SAMN05276378,0,1,0,0
SAMN05276382,0,1,1,0
SAMN05276493,0,1,1,0
SAMN07658135,0,1,0,0
SAMN07658510,0,1,0,0
SAMN07658713,0,0,0,1
SAMN07658827,0,0,0,1
SAMN07659425,0,0,0,1
SAMN07659620,0,0,0,1
SAMN07659650,0,1,0,0
SAMN07659771,0,1,0,0
SAMN07659904,0,1,0,0
SAMN07659956,0,1,0,0
SAMN07660133,0,0,0,1
SAMN07660300,0,1,0,0
SAMN07660305,0,1,0,0
SAMN07660378,0,1,0,0
SRR2328057,0,0,0,1
SRR5817463,0,1,0,0
SRR5817467,0,1,0,0
SRR5817475,0,1,0,0
SRR5817480,0,1,0,0
SRR5817481,0,1,1,0
SRR6339637,0,1,0,0
SRR6339641,0,1,0,0
SRR6339645,0,1,0,0
SRR6339648,0,1,0,0
SRR6339649,0,1,1,0
SRR6339651,0,1,1,0
SRR6339661,0,1,0,0
SRR6339662,0,1,0,0
SRR6339664,0,1,0,0
SRR6339665,0,0,0,1
SRR6339667,0,0,1,0
SRR6367396,0,1,0,0
SRR6367400,0,1,1,0
SRR6369876,0,1,0,1
SRR6369877,0,0,1,0
SRR6369878,0,1,0,1
